-- phpMyAdmin SQL Dump
-- version 4.9.3
-- https://www.phpmyadmin.net/
--
-- Host: localhost:8889
-- Generation Time: Jul 27, 2020 at 02:32 PM
-- Server version: 5.7.26
-- PHP Version: 7.4.2

SET SQL_MODE = "NO_AUTO_VALUE_ON_ZERO";
SET time_zone = "+00:00";


/*!40101 SET @OLD_CHARACTER_SET_CLIENT=@@CHARACTER_SET_CLIENT */;
/*!40101 SET @OLD_CHARACTER_SET_RESULTS=@@CHARACTER_SET_RESULTS */;
/*!40101 SET @OLD_COLLATION_CONNECTION=@@COLLATION_CONNECTION */;
/*!40101 SET NAMES utf8mb4 */;

--
-- Database: `boolbnb`
--

-- --------------------------------------------------------

--
-- Table structure for table `amenities`
--

CREATE TABLE `amenities` (
  `id` bigint(20) UNSIGNED NOT NULL,
  `name` varchar(255) COLLATE utf8mb4_unicode_ci NOT NULL
) ENGINE=InnoDB DEFAULT CHARSET=utf8mb4 COLLATE=utf8mb4_unicode_ci;

--
-- Dumping data for table `amenities`
--

INSERT INTO `amenities` (`id`, `name`) VALUES
(1, 'WiFi'),
(2, 'Posto Macchina'),
(3, 'Piscina'),
(4, 'Portineria'),
(5, 'Sauna'),
(6, 'Vista Mare');

-- --------------------------------------------------------

--
-- Table structure for table `amenity_place`
--

CREATE TABLE `amenity_place` (
  `id` bigint(20) UNSIGNED NOT NULL,
  `amenity_id` bigint(20) UNSIGNED NOT NULL,
  `place_id` bigint(20) UNSIGNED NOT NULL
) ENGINE=InnoDB DEFAULT CHARSET=utf8mb4 COLLATE=utf8mb4_unicode_ci;

--
-- Dumping data for table `amenity_place`
--

INSERT INTO `amenity_place` (`id`, `amenity_id`, `place_id`) VALUES
(1, 1, 1),
(2, 2, 1),
(3, 6, 1),
(4, 1, 2),
(5, 2, 2),
(6, 3, 2),
(7, 1, 3),
(8, 2, 3),
(10, 6, 3),
(11, 1, 4),
(12, 2, 4),
(13, 3, 4),
(16, 1, 9),
(18, 3, 9),
(19, 6, 9),
(20, 1, 10),
(21, 2, 10),
(22, 3, 10),
(23, 6, 10),
(25, 3, 11),
(26, 6, 11),
(27, 1, 12),
(28, 2, 12),
(29, 3, 12),
(30, 6, 12),
(31, 1, 13),
(32, 2, 13),
(34, 6, 13),
(36, 2, 14),
(38, 6, 14),
(39, 1, 15),
(40, 2, 15),
(42, 6, 15),
(43, 2, 16),
(44, 3, 16),
(45, 6, 16),
(46, 1, 17),
(49, 1, 18),
(50, 2, 18),
(51, 3, 18),
(52, 6, 18),
(53, 1, 19),
(54, 2, 19),
(55, 3, 19),
(56, 6, 19),
(57, 1, 20),
(58, 2, 20),
(60, 6, 20),
(61, 1, 21),
(62, 2, 21),
(63, 3, 21),
(64, 6, 21),
(65, 1, 22),
(66, 2, 22),
(67, 6, 22),
(68, 1, 23),
(69, 2, 23),
(70, 6, 23),
(71, 1, 24),
(72, 2, 24),
(73, 3, 24),
(74, 6, 24),
(75, 1, 25),
(76, 2, 25),
(77, 3, 25),
(78, 6, 25),
(79, 1, 26),
(80, 2, 26),
(81, 3, 26),
(82, 6, 26),
(83, 3, 1),
(84, 6, 2),
(85, 6, 4),
(86, 1, 11),
(87, 1, 14),
(89, 3, 13),
(90, 1, 16),
(91, 4, 16),
(92, 4, 20),
(93, 4, 21),
(94, 3, 23),
(95, 4, 23),
(96, 2, 17),
(97, 1, 27),
(98, 2, 27),
(99, 6, 27),
(100, 1, 28),
(101, 2, 28),
(102, 4, 28),
(103, 6, 28),
(104, 1, 29),
(105, 2, 29),
(106, 4, 29),
(107, 6, 29),
(108, 1, 30),
(109, 2, 30),
(110, 4, 30),
(111, 6, 30),
(112, 1, 31),
(113, 2, 31),
(114, 4, 31),
(115, 6, 31),
(116, 4, 27),
(117, 2, 32),
(118, 3, 32),
(119, 6, 32),
(120, 2, 33),
(121, 6, 33),
(122, 2, 34),
(123, 3, 34),
(124, 4, 34),
(125, 6, 34),
(131, 1, 37),
(132, 2, 37),
(133, 6, 37),
(139, 1, 39),
(140, 2, 39),
(141, 3, 39),
(142, 6, 39),
(151, 1, 35),
(152, 2, 35),
(153, 3, 35);

-- --------------------------------------------------------

--
-- Table structure for table `failed_jobs`
--

CREATE TABLE `failed_jobs` (
  `id` bigint(20) UNSIGNED NOT NULL,
  `connection` text COLLATE utf8mb4_unicode_ci NOT NULL,
  `queue` text COLLATE utf8mb4_unicode_ci NOT NULL,
  `payload` longtext COLLATE utf8mb4_unicode_ci NOT NULL,
  `exception` longtext COLLATE utf8mb4_unicode_ci NOT NULL,
  `failed_at` timestamp NOT NULL DEFAULT CURRENT_TIMESTAMP
) ENGINE=InnoDB DEFAULT CHARSET=utf8mb4 COLLATE=utf8mb4_unicode_ci;

-- --------------------------------------------------------

--
-- Table structure for table `messages`
--

CREATE TABLE `messages` (
  `id` bigint(20) UNSIGNED NOT NULL,
  `place_id` bigint(20) UNSIGNED NOT NULL,
  `guest_name` varchar(255) COLLATE utf8mb4_unicode_ci NOT NULL,
  `mail_address` varchar(255) COLLATE utf8mb4_unicode_ci NOT NULL,
  `subject` varchar(255) COLLATE utf8mb4_unicode_ci NOT NULL,
  `message` text COLLATE utf8mb4_unicode_ci NOT NULL,
  `created_at` timestamp NOT NULL DEFAULT CURRENT_TIMESTAMP
) ENGINE=InnoDB DEFAULT CHARSET=utf8mb4 COLLATE=utf8mb4_unicode_ci;

--
-- Dumping data for table `messages`
--

INSERT INTO `messages` (`id`, `place_id`, `guest_name`, `mail_address`, `subject`, `message`, `created_at`) VALUES
(1, 1, 'Giuseppe Verdi', 'giuseppe@verdi.it', 'interessato', 'Salve sono interessato a questo appartamento', '2020-07-26 21:19:12'),
(2, 2, 'lucia rossi', 'lucia@rossi.it', 'agosto', 'Salve sono interessato a questo appartamento per il periodo di agosto. è  ancora disponibile?', '2020-07-26 21:19:50'),
(3, 18, 'Pasquale Verdi', 'pasquale@verdi.it', 'periodo luglio', 'Salve sono interessato a questo appartamento per il periodo di luglio. è  ancora disponibile?', '2020-07-26 21:20:16'),
(4, 17, 'Margherita Costa', 'margherita@costa.it', 'interessata per settembre', 'Salve sono interessato a questo appartamento per il periodo di settembre. è  ancora disponibile?', '2020-07-26 21:20:59'),
(5, 17, 'Miriam Bianco', 'miriam@bianco.it', 'agosto è libera?', 'Salve sono interessata a questo appartamento per il periodo di agosto. è  ancora disponibile?', '2020-07-26 21:21:33'),
(6, 17, 'Luigi  Cravatta', 'luigi@cravatta.it', 'interessato per luglio', 'Salve sono interessato a questo appartamento per il periodo di luglio. è  ancora disponibile?', '2020-07-26 21:22:04'),
(7, 15, 'Carmelo Plomi', 'carmelo@plomi.it', 'interessato per una settimana', 'Salve vorrei sapere se fitti anche per una sola settimana?', '2020-07-26 21:22:48'),
(8, 17, 'Margaret Cassino', 'margaret@cassino.it', 'posso portare il cane?', 'se fitto il suo appartamento posso portare con me il cane?', '2020-07-26 21:25:08'),
(9, 19, 'Carmela Rotondo', 'carmela@rotondo.it', 'Interessata per fitto a settembre', 'Salve sono interessata a trascorrere le vacanze nel mese di settembre, può darmi maggiori info sulla zona?', '2020-07-27 07:29:08'),
(10, 17, 'Clara Sarri', 'clara@sarri.it', 'libera a luglio?', 'Salve sono interessata a trascorrere le vacanze nel mese di luglio, può dirmi se è ancora disponibile?', '2020-07-27 07:29:57'),
(11, 14, 'Francesca Ravello', 'francesca@ravello.it', 'agosto', 'Salve sono interessata a trascorrere le vacanze nel mese di agosto, può darmi maggiori info sulla zona?', '2020-07-27 07:31:31'),
(12, 32, 'Martina Leporace', 'martina@martina.it', 'libera a giugno?', 'Salve sono interessata a trascorrere le vacanze nel mese di giugno, può darmi maggiori info sulla zona?', '2020-07-27 07:32:22'),
(13, 31, 'Luana Franchi', 'luana@franchi.it', 'interessata per agosto', 'Salve sono interessata a trascorrere le vacanze nel mese di agosto, può darmi maggiori info sulla zona?', '2020-07-27 07:32:47'),
(14, 26, 'Giovanna Pellegrino', 'giovanna@pellegrino.it', 'interessata a luglio', 'Salve sono interessata a trascorrere le vacanze nel mese di luglio, può darmi maggiori info sulla zona?', '2020-07-27 07:35:01'),
(15, 13, 'Paola Marcanti', 'paola@marcanti.it', 'agosto', 'Salve sono interessata a trascorrere le vacanze nel mese di agosto, può darmi maggiori info sulla zona?', '2020-07-27 07:35:40'),
(16, 12, 'Claudia Poli', 'claudia@poli.it', 'settembre', 'Salve sono interessata a trascorrere le vacanze nel mese di settembre, può darmi maggiori info sulla zona?', '2020-07-27 07:35:59'),
(17, 30, 'Carmela Sanchez', 'carmela@sanchez.it', 'interessata a locazione', 'Sono interessata a locazione per mese di agosto. è libera?', '2020-07-27 07:39:16'),
(18, 28, 'Claudia Mori', 'claudia@mori.it', 'settembre', 'Salve sono interessata a trascorrere le vacanze nel mese di settembre, può darmi maggiori info sulla zona?', '2020-07-27 07:39:31'),
(19, 29, 'Giovanna Pascoli', 'giovanni@pascoli.it', 'settembre è libera?', 'Salve sono interessata a trascorrere le vacanze nel mese di settembre, può darmi maggiori info sulla zona?', '2020-07-27 07:39:51'),
(20, 1, 'Samantha Verdi', 'samantha@verdi.it', 'Sono interessata', 'Sono interessata per il mese di agosto', '2020-07-27 08:39:14'),
(21, 2, 'Samantha Verdi', 'samantha@verdi.it', 'mi serve per agosto', 'interessata per agosto', '2020-07-27 08:39:57'),
(22, 3, 'Samantha Verdi', 'samantha@verdi.it', 'per settembre è disponibile?', 'chiedo se per settembre è disponibile', '2020-07-27 08:40:33'),
(23, 4, 'Samantha Verdi', 'samantha@verdi.it', 'posso portare il cane?', 'posso portare in vacanza il mio cane?', '2020-07-27 08:40:54'),
(24, 9, 'Samantha Verdi', 'samantha@verdi.it', 'cuccia cane', 'posso portare in vacanza il mio cane? ho la cuccia portatile', '2020-07-27 08:41:21'),
(25, 11, 'Samantha Verdi', 'samantha@verdi.it', 'servizi in zona', 'posso sapere quali servizi offre la zona?', '2020-07-27 08:41:46'),
(26, 15, 'Samantha Verdi', 'samantha@verdi.it', 'mezzi pubblici', 'salve posso sapere se la casa è collegata bene con le fermate dei mezzi pubblici?', '2020-07-27 08:42:25'),
(27, 14, 'Samantha Verdi', 'samantha@verdi.it', 'mezzi pubblici', 'salve posso sapere se la casa è collegata bene con le fermate dei mezzi pubblici?', '2020-07-27 08:42:32'),
(28, 12, 'Samantha Verdi', 'samantha@verdi.it', 'vista sul mare', 'salve puo\' inviarmi foto della vista mare? sono interessato', '2020-07-27 08:42:57'),
(29, 27, 'Samantha Verdi', 'samantha@verdi.it', 'mezzi di trasporto pubblici', 'salve posso sapere se la casa è collegata bene con le fermate dei mezzi pubblici?', '2020-07-27 08:43:39'),
(30, 15, 'Samantha Verdi', 'samantha@verdi.it', 'è disponibile per una settimana a settembre?', 'salve è disponibile per una settimana a settembre?', '2020-07-27 08:44:09'),
(31, 40, 'Diletta Rossi', 'diletta@rossi.it', 'mezzi pubblici', 'salve posso sapere se la casa è collegata bene con le fermate dei mezzi pubblici?', '2020-07-27 08:45:28'),
(32, 39, 'Diletta Rossi', 'diletta@rossi.it', '15 giorni a luglio', 'sono interessata per 15 giorni a luglio..è ancora disponibile?', '2020-07-27 08:45:53'),
(33, 37, 'Diletta Rossi', 'diletta@rossi.it', '1 settimana a settembre', 'salve sono interessato alla prima settimana di settembre, si può?', '2020-07-27 08:46:38'),
(34, 40, 'Diletta Rossi', 'diletta@rossi.it', '15 giorni in agosto', 'Sono interessata per 15 giorni in agosto...è disponibile?', '2020-07-27 08:48:14'),
(35, 39, 'Diletta Rossi', 'diletta@rossi.it', 'mese di settembre', 'sono interessata per tutto il mese di settembre...è disponibile?', '2020-07-27 08:48:39'),
(36, 35, 'Diletta Rossi', 'diletta@rossi.it', 'mese di agosto', 'sono interessata per il mese di agosto...è disponibile?', '2020-07-27 08:50:30'),
(37, 38, 'Diletta Rossi', 'diletta@rossi.it', 'settembre', 'sono interessata per il mese di settembre...è disponibile?', '2020-07-27 08:50:41'),
(38, 36, 'Diletta Rossi', 'diletta@rossi.it', 'mese di luglio', 'sono interessata per il mese di luglio...è disponibile?', '2020-07-27 08:50:52'),
(39, 37, 'Diletta Rossi  Diletta Rossi', 'diletta@rossi.it', 'posso portare il cane?', 'posso portare con me il cane?', '2020-07-27 08:51:30'),
(40, 2, 'Samantha Verdi', 'samantha@verdi.it', 'Voglio acquistare la casa', 'Ciao Sono interessato', '2020-07-27 09:45:46'),
(41, 1, 'Samantha Verdi', 'samantha@verdi.it', 'Richiesta Informazioni', 'Ciao che prezzo fa? Sarei interessato', '2020-07-27 10:07:10'),
(42, 17, 'Samantha Verdi', 'samantha@verdi.it', 'Sono interessaato all\'acquisto', 'Posso portare anche animali? Fatemi sapere', '2020-07-27 14:21:05');

-- --------------------------------------------------------

--
-- Table structure for table `migrations`
--

CREATE TABLE `migrations` (
  `id` int(10) UNSIGNED NOT NULL,
  `migration` varchar(255) COLLATE utf8mb4_unicode_ci NOT NULL,
  `batch` int(11) NOT NULL
) ENGINE=InnoDB DEFAULT CHARSET=utf8mb4 COLLATE=utf8mb4_unicode_ci;

--
-- Dumping data for table `migrations`
--

INSERT INTO `migrations` (`id`, `migration`, `batch`) VALUES
(1, '2014_10_12_000000_create_users_table', 1),
(2, '2014_10_12_100000_create_password_resets_table', 1),
(3, '2019_08_19_000000_create_failed_jobs_table', 1),
(4, '2020_07_08_084306_create_places_table', 1),
(5, '2020_07_08_085730_create_amenities_table', 1),
(6, '2020_07_08_085859_create_messages_table', 1),
(7, '2020_07_08_090416_create_sponsors_table', 1),
(8, '2020_07_08_090828_create_amenity_place_table', 1),
(9, '2020_07_08_091452_create_sponsor_place_table', 1),
(10, '2020_07_09_155602_add_image_to_users_table', 1),
(11, '2020_07_15_125051_create_visits_table', 1);

-- --------------------------------------------------------

--
-- Table structure for table `password_resets`
--

CREATE TABLE `password_resets` (
  `email` varchar(255) COLLATE utf8mb4_unicode_ci NOT NULL,
  `token` varchar(255) COLLATE utf8mb4_unicode_ci NOT NULL,
  `created_at` timestamp NULL DEFAULT NULL
) ENGINE=InnoDB DEFAULT CHARSET=utf8mb4 COLLATE=utf8mb4_unicode_ci;

-- --------------------------------------------------------

--
-- Table structure for table `places`
--

CREATE TABLE `places` (
  `id` bigint(20) UNSIGNED NOT NULL,
  `user_id` bigint(20) UNSIGNED NOT NULL,
  `title` varchar(255) COLLATE utf8mb4_unicode_ci NOT NULL,
  `description` text COLLATE utf8mb4_unicode_ci NOT NULL,
  `num_rooms` tinyint(4) NOT NULL,
  `num_beds` tinyint(4) NOT NULL,
  `num_baths` tinyint(4) NOT NULL,
  `square_m` smallint(6) DEFAULT NULL,
  `country` varchar(255) COLLATE utf8mb4_unicode_ci NOT NULL,
  `city` varchar(255) COLLATE utf8mb4_unicode_ci NOT NULL,
  `address` varchar(255) COLLATE utf8mb4_unicode_ci NOT NULL,
  `lat` decimal(9,6) NOT NULL,
  `long` decimal(9,6) NOT NULL,
  `place_img` varchar(255) COLLATE utf8mb4_unicode_ci DEFAULT NULL,
  `price` decimal(11,2) NOT NULL,
  `visibility` tinyint(1) NOT NULL DEFAULT '1',
  `slug` varchar(255) COLLATE utf8mb4_unicode_ci NOT NULL,
  `created_at` timestamp NULL DEFAULT NULL,
  `updated_at` timestamp NULL DEFAULT NULL
) ENGINE=InnoDB DEFAULT CHARSET=utf8mb4 COLLATE=utf8mb4_unicode_ci;

--
-- Dumping data for table `places`
--

INSERT INTO `places` (`id`, `user_id`, `title`, `description`, `num_rooms`, `num_beds`, `num_baths`, `square_m`, `country`, `city`, `address`, `lat`, `long`, `place_img`, `price`, `visibility`, `slug`, `created_at`, `updated_at`) VALUES
(1, 1, 'Villa indipendente a Diamante (CS)', 'Bellissima villa indipendente per uso vacanza, situata sulla costa tirrenica calabrese nella provincia di Cosenza. Panorama mozzafiato e mare cristallino per una vacanza da ricordare', 8, 4, 1, 100, 'Italia', 'Diamante', 'Lungomare Riviera Blu', '39.673000', '15.826500', 'images/3yiXKPXV5Tik54xjxkj1d1tpeMgYUnzZdOEZ5gQe.jpeg', '450.00', 1, 'villa-indipendente-a-diamante-cs', '2020-07-26 14:12:26', '2020-07-26 19:54:13'),
(2, 1, 'Villa indipendente a Cetraro (CS)', 'Bellissima villa indipendente per uso vacanza, situata sulla costa tirrenica calabrese nella provincia di Cosenza. Panorama mozzafiato e mare cristallino per una vacanza da ricordare', 7, 4, 1, 94, 'Italia', 'Cetraro', 'Corso San Benedetto', '39.518000', '15.940400', 'images/Cwxb6XxKh8lPvdNdlOBTIrxS6hmlZtVHvv9wx6Tc.jpeg', '550.00', 0, 'villa-indipendente-a-cetraro-cs', '2020-07-26 14:13:14', '2020-07-26 19:54:46'),
(3, 1, 'Villa indipendente a Capo Vaticano', 'Bellissima villa indipendente per uso vacanza, situata sulla costa tirrenica calabrese nella provincia di Vibo Valentia a pochi km dalla bellissima Tropea. Panorama mozzafiato e mare cristallino per una vacanza da ricordare', 8, 6, 2, 110, 'Italia', 'Ricadi', 'Contrada Capo Vaticano', '38.620300', '15.840100', 'images/3IEdHHWA0NgzEFoPlQchRe8s3CNOD2eicGkNgPyz.jpeg', '850.00', 0, 'villa-indipendente-a-capo-vaticano', '2020-07-26 14:15:23', '2020-07-26 19:55:04'),
(4, 1, 'Villa indipendente a Tropea', 'Bellissima villa indipendente per uso vacanza, situata sulla costa tirrenica calabrese, in provincia di Vibo Valentia. Panorama mozzafiato e mare cristallino per una vacanza da ricordare', 8, 5, 1, 95, 'Italia', 'Tropea', 'Lungomare Sorrentino', '38.677900', '15.894500', 'images/8HOn4PzKS8FEnw635FkLwxBmFbfSRgkKeZJLt61y.jpeg', '850.00', 0, 'villa-indipendente-a-tropea', '2020-07-26 14:23:47', '2020-07-26 19:55:25'),
(9, 1, 'Villa indipendente in riviera', 'Fitto per uso vacanza una fantastica villa indipendente situata sul lungomare di Rimini. Vista mare, piscina e giardino all\'inglese ben curato. Ma anche posto macchina e wi-fi. Ideale per una famiglia.', 8, 4, 1, 100, 'Italia', 'Rimini', 'Ciclabile lungomare di Rimini', '44.067500', '12.570000', 'images/KDJ01PoeUstYFlUq3sd0i9EUHNTvFmmSZ1GOtNDT.jpeg', '1100.00', 0, 'villa-indipendente-in-riviera', '2020-07-26 16:54:07', '2020-07-26 19:55:49'),
(10, 1, 'Villa indipendente a Rimini', 'Fitto per uso vacanza una fantastica villa indipendente situata sul lungomare di Rimini. Vista mare, piscina e giardino all\'inglese ben curato. Ma anche posto macchina e wi-fi. Ideale per una famiglia.', 9, 6, 2, 240, 'Italia', 'Rimini', 'Lungomare Giuseppe Di Vittorio', '44.051800', '12.599100', 'images/V5rdh0lWqIcxIZtKeK6MxnvvS08b9S6EvO1GHD4U.jpeg', '1250.00', 1, 'villa-indipendente-a-rimini', '2020-07-26 16:59:44', '2020-07-26 19:59:01'),
(11, 1, 'Villa indipendente (Rimini)', 'Fitto per uso vacanza una fantastica villa indipendente situata sul lungomare di Rimini. Vista mare, piscina. Ma anche posto macchina e wi-fi. Ideale per una famiglia.', 8, 6, 1, 190, 'Italia', 'Rimini', 'Lungomare Guido Spadazzi', '44.032700', '12.620900', 'images/VXpA1sCngj62aFCsW4POs4lQ72Iyy4z8YE7Rceiy.jpeg', '950.00', 0, 'villa-indipendente-rimini', '2020-07-26 17:00:53', '2020-07-26 19:56:15'),
(12, 1, 'Villa indipendente a Salerno', 'Fitto per uso vacanza una fantastica villa indipendente situata a Salerno (zona porto). Vista mare, piscina. Ma anche posto macchina e wi-fi. Ideale per una famiglia.', 8, 4, 1, 190, 'Italia', 'Salerno', 'Via Porto', '40.677900', '14.750000', 'images/lXZskxC6u10wf9SenSc9tB1YHaQV1FFBIQ076Nyb.jpeg', '900.00', 0, 'villa-indipendente-a-salerno', '2020-07-26 17:25:27', '2020-07-26 19:56:41'),
(13, 1, 'Villa uso vacanza a Salerno', 'Fitto per uso vacanza una fantastica villa indipendente situata sul lungomare di Salerno. Vista mare, piscina. Ma anche posto macchina e wi-fi. Ideale per una famiglia.', 9, 6, 2, 200, 'Italia', 'Salerno', 'Lungomare Guglielmo Marconi', '40.666600', '14.787400', 'images/LmXaLBnOlYczLjpgbzzFBxKnuiKc8Zgcus9G4qTH.jpeg', '1100.00', 1, 'villa-uso-vacanza-a-salerno', '2020-07-26 17:27:59', '2020-07-26 19:59:31'),
(14, 1, 'Villa indipendente ad Amalfi', 'Villa ad uso vacanza, nella splendida Amalfi. Villa dotata di ogni confort per assicurare a te e alla tua famiglia una piacevole vacanza.', 8, 4, 1, 195, 'Italia', 'Amalfi', 'Piazza Flavio Gioia', '40.633800', '14.602700', 'images/6jMuy1oqiE9xVnXBkolzpWVJCZno0I31lsekkemT.jpeg', '1000.00', 0, 'villa-indipendente-ad-amalfi', '2020-07-26 17:33:43', '2020-07-26 19:57:05'),
(15, 1, 'Villa indipendente a Positano', 'Bellissima villa a uso vacanza situata a Positano. Dotata di tutti i confort per rendere la tua vacanza perfetta e una vista mare mozzafiato sulla costiera amalfitana', 9, 8, 1, 100, 'Italia', 'Positano', 'Via Cristoforo Colombo', '40.628600', '14.488000', 'images/n0TN8PJMD2z2HeZeqf1VPmhmbILlZYhebngXaZli.jpeg', '1250.00', 0, 'villa-indipendente-a-positano', '2020-07-26 17:44:04', '2020-07-26 19:57:31'),
(16, 1, 'Appartamento in residence, uso vacanza', 'Comodo appartamento all\'interno di un residence. Dotato di posto macchina, piscina (condivisa con i residenti del residence). Vista mare straordinaria, è situato nella zona della movida genovese', 8, 6, 1, 90, 'Italia', 'Genova', 'Lungomare Giuseppe Canepa', '44.409500', '8.889640', 'images/mm9MH3JKglPDBQKFE2noSAzHiyH93POG4tlfSGPc.jpeg', '700.00', 1, 'appartamento-in-residence-uso-vacanza', '2020-07-26 18:00:13', '2020-07-26 20:00:06'),
(17, 1, 'Appartamento attico con vista mare', 'Appartamento attico con ampia terrazza, situato a Gallipoli nel centro della movida. Appartamento dotato di wi-fi e posto macchina, gode inoltre di una fantastica terrazza con vista sul mare.', 8, 5, 1, 85, 'Italia', 'Gallipoli', 'Via Gallipoli', '39.976100', '18.014600', 'images/Sco8g26J8oakbA6VZa0sebYHdeERaZ9qaxvRX7Z2.jpeg', '500.00', 1, 'appartamento-attico-con-vista-mare', '2020-07-26 19:02:07', '2020-07-26 21:26:15'),
(18, 1, 'Villa indipendente in affitto estivo', 'Villa indipendente in affitto estivo, situato a Santa Maria al Bagno, a 11 km da Gallipoli (LE). La villa è dotata di wi-fi, posto macchina, una piscina e gode di un\'eccellente vista mare', 9, 6, 2, 180, 'Italia', 'Lecce', 'Via Santa Maria al Bagno', '40.467900', '18.178200', 'images/IJmnxB11jREpsN1nP4vM6KRmb7wtdLddRtrJBdu5.jpeg', '1100.00', 0, 'villa-indipendente-in-affitto-estivo', '2020-07-26 19:06:47', '2020-07-26 19:58:16'),
(19, 1, 'Appartamento in residence a Cagliari', 'Fantastico appartamento in residence, situato a Cagliari (zona stadio Sant\'Elia) dotato di wi-fi, posto macchina, piscina condivisa e gode di  un\'eccellente vista mare. Il luogo ideale per trascorrere le vacanze in Sardegna.', 8, 4, 2, 190, 'Italia', 'Cagliari', 'Via Amerigo Vespucci', '39.201100', '9.135490', 'images/1Qq3oB4eaVIW10zVHYkRk6kmSQSVX6jhWHAcbo3W.jpeg', '1250.00', 0, 'appartamento-in-residence-a-cagliari', '2020-07-26 19:12:22', '2020-07-26 19:58:39'),
(20, 1, 'Villetta in residence (Cagliari)', 'Fantastica villetta in residence, situato sul lungomare di Cagliari, la villetta è  dotata di wi-fi, posto macchina e gode di  un\'eccellente vista mare. Il luogo ideale per trascorrere le vacanze in Sardegna.', 6, 4, 1, 80, 'Italia', 'Quartu Sant\'Elena', 'Viale Lungomare del Golfo di Quartu', '39.225400', '9.200490', 'images/PG7DtAVDRqjMQXN64sV6hAd7ZSYhJ9uBvt8bbO1o.jpeg', '1100.00', 1, 'villetta-in-residence-cagliari', '2020-07-26 19:15:16', '2020-07-26 20:00:43'),
(21, 1, 'Holiday Residente Sant\'Elmo', 'Fantastico appartamento in residence, situato in Sardegna, a Sant\'Elmo. L\'appartamento è dotato di wi-fi, posto macchina, piscina condivisa e gode di  un\'eccellente vista mare. Il luogo ideale per trascorrere le vacanze in Sardegna.', 6, 4, 1, 75, 'Italia', 'Castiadas', 'Sant\'Elmo Holiday Residence', '39.215500', '9.564380', 'images/5lqDCElZ7eaAyuft1GXlaW9LTFwB1spLwi6ZmaWP.jpeg', '1200.00', 1, 'holiday-residente-santelmo', '2020-07-26 19:20:31', '2020-07-26 20:01:17'),
(22, 1, 'Appartamento a Catania', 'Fantastico appartamento a Catania dotato di wi-fi, posto macchina e gode di  un\'eccellente vista mare. Il luogo ideale per trascorrere le vacanze in Sicilia.', 7, 5, 1, 75, 'Italia', 'Catania', 'Via San Giovanni Li Cuti', '37.519900', '15.109500', 'images/H2jEtrWbSnEGo6hVKxM5BGuz2EmvMfcCqYDkGX65.jpeg', '800.00', 1, 'appartamento-a-catania', '2020-07-26 19:24:00', '2020-07-26 20:01:36'),
(23, 1, 'Appartamento a Cannizzaro (CT)', 'Fantastico appartamento a Cannizzaro (8km da Catania) dotato di wi-fi, posto macchina, piscina condivisa e gode di  un\'eccellente vista mare. Il luogo ideale per trascorrere le vacanze in Sicilia.', 7, 4, 1, 90, 'Italia', 'Catania', 'Via Elio Vittorini', '37.532400', '15.057000', 'images/lz6K7oFYZXedF1MKq0uzlLiQPpeHILO658cj4Jyr.jpeg', '950.00', 1, 'appartamento-a-cannizzaro-ct', '2020-07-26 19:27:41', '2020-07-26 20:02:03'),
(24, 1, 'Villa indipendente Olbia', 'Fantastica villa situata ad Olbia. La villa è dotata di wi-fi, posto macchina, piscina e gode di una straordinaria vista sul mare', 7, 4, 1, 120, 'Italia', 'Olbia', 'Via Indonesia', '40.933200', '9.516760', 'images/BAWKqHfCd77UdTEhs056kHyrHm3wNqcBmhRFW9JY.jpeg', '1150.00', 1, 'villa-indipendente-olbia', '2020-07-26 19:31:09', '2020-07-26 20:02:19'),
(25, 1, 'Villa in Sardegna (San Teodoro)', 'Fantastica villa situata a San Teodoro. La villa è dotata di wi-fi, posto macchina, piscina e gode di una straordinaria vista sul mare', 8, 5, 1, 120, 'Italia', 'San Teodoro', 'Via Sardegna', '40.774100', '9.661640', 'images/L37IDzYcWE91wDjpIRIPxaAIluaP6JFeLJxC1Yfj.jpeg', '1300.00', 1, 'villa-in-sardegna-san-teodoro', '2020-07-26 19:33:38', '2020-07-26 20:02:45'),
(26, 1, 'Villa in residence uso estivo a Pontecagnano', 'Fantastica villetta in residence situata a Pontecagnano. La villa è dotata di wi-fi, piscina condivisa, posto macchina, piscina e gode di una straordinaria vista sul mare', 6, 4, 1, 120, 'Italia', 'Pontecagnano Faiano', 'Pontecagnano', '40.645100', '14.872700', 'images/kOiWomyjwlAtJzFj89c2RO0nPdOUIcbnyQBYsqyV.jpeg', '950.00', 1, 'villa-in-residence-uso-estivo-a-pontecagnano', '2020-07-26 19:38:16', '2020-07-26 20:03:34'),
(27, 1, 'Villa in residence costiera amalfitana', 'Villa in residence per uso vacanza estiva, dotata di wi-fi, posto macchina e gode di una straordinaria vista mare sulla costiera amalfitana', 8, 4, 1, 180, 'Italia', 'Praiano', 'Via Terramare', '40.611700', '14.537600', 'images/cqlHAJES6txkZqzyjVOm1w80JdJuZEBz5WrGSlPJ.jpeg', '900.00', 1, 'villa-in-residence-costiera-amalfitana', '2020-07-26 21:35:12', '2020-07-27 07:16:08'),
(28, 1, 'Appartamento vista mare a Jesolo', 'Comodo appartamento attico con ampia terrazza vista mare. Situato a Jesolo a pochi metri dal mare. L\'appartamento è dotato di wi-fi, posto macchina, portineria e gode di una vista mare mozzafiato.', 7, 4, 1, 80, 'Italia', 'Jesolo', 'Via Aquileia 10° Vicolo', '45.503800', '12.634700', 'images/0saBInyZOF16PEG1SUOOYuGjLMhyACtE6cagt2Gt.jpeg', '750.00', 1, 'appartamento-vista-mare-a-jesolo', '2020-07-27 06:47:24', '2020-07-27 06:47:24'),
(29, 1, 'Appartamento uso vacanza a Jesolo', 'Comodo appartamento attico con vista mare. Situato a Jesolo a pochi metri dal mare. L\'appartamento è dotato di wi-fi, posto macchina, portineria e gode di una vista mare mozzafiato.', 8, 4, 1, 90, 'Italia', 'Jesolo', 'Via Aquileia 1° Vicolo', '45.505200', '12.639600', 'images/Lm2FLKn8oun5Tqq2wvAOyRq4GDO46jmvFlm2c7kN.jpeg', '650.00', 1, 'appartamento-uso-vacanza-a-jesolo', '2020-07-27 06:51:33', '2020-07-27 06:51:33'),
(30, 1, 'Appartamento uso vacanza (Eraclea)', 'Comodo appartamento attico con ampia terrazza vista mare. Situato a pochi metri dal mare. L\'appartamento è dotato di wi-fi, posto macchina, portineria e gode di una vista mare mozzafiato.', 7, 5, 1, 110, 'Italia', 'Eraclea', 'Strada Eraclea mare', '45.580600', '12.684100', 'images/0b0xOBuEjrEywE2EPUsbG104vB1nOGxXuOS5KA3M.jpeg', '850.00', 1, 'appartamento-uso-vacanza-eraclea', '2020-07-27 06:54:40', '2020-07-27 06:54:40'),
(31, 1, 'Villetta in residence a Pescara', 'Fantastica villetta ubicata all\'interno di un residence a Pescara. La villetta gode di una vista mare mozzafiato, tra i servizi aggiuntivi: posto macchina, wi-fi e portineria. La zona è il fulcro della movida pescarese.', 7, 4, 1, 75, 'Italia', 'Pescara', 'Lungomare Cristoforo Colombo', '42.461700', '14.230000', 'images/60SlTSOFBxhqrrxMro34Ty6LGVbpgeVHXb3SIkre.jpeg', '900.00', 1, 'villetta-in-residence-a-pescara', '2020-07-27 07:14:39', '2020-07-27 07:14:39'),
(32, 1, 'Villa uso vacanza a Francavilla M.ma', 'Splendida villa uso vacanza a Francavilla M.ma (circa 9 km da Pescara), situata nei pressi dello stabilimento balneare Bayahibe. La villa è dotata di una piscina, posto macchina e gode di una spettacolare vista mare', 9, 6, 2, 190, 'Italia', 'Francavilla al Mare', 'Bayahibe stabilimento balneare', '42.435200', '14.268100', 'images/9MTDRnMmRfrjVVGkzo4u5906Vxd0LJuF5YCAUOBL.jpeg', '800.00', 1, 'villa-uso-vacanza-a-francavilla-mma', '2020-07-27 07:20:24', '2020-07-27 07:20:24'),
(33, 1, 'Appartamento vacanze estive (Ortona)', 'Comodo appartamento situato ad Ortona per uso vacanze estive. L\'appartamento ha un posto macchina dedicato e gode di una spettacolare vista mare', 7, 4, 1, 95, 'Italia', 'Ortona', 'Verso Ortona', '42.360800', '14.353600', 'images/B8sys2HGHBP50ulem8hgc8q3PpQaGTjcUsrmCLsL.jpeg', '650.00', 1, 'appartamento-vacanze-estive-ortona', '2020-07-27 07:23:32', '2020-07-27 07:23:32'),
(34, 1, 'Villetta in residence (Cefalù)', 'Villetta in residence a Cefalù per uso vacanze estive. La villa è situata in un residence turistico; al suo interno ha una piscina in condivisione con gli altri residenti del residence, posto macchina, portineria e una bellissima vista mare.', 7, 4, 1, 90, 'Italia', 'Cefalù', 'Lungomare Giuseppe Giardina', '38.032500', '14.007500', 'images/NjBNAj23elwoCCUSoD7F3TvIo1fr8sGGnsWuT3aQ.jpeg', '1100.00', 1, 'villetta-in-residence-cefalu', '2020-07-27 07:27:55', '2020-07-27 07:27:55'),
(35, 2, 'Appartamento uso vacanza (Diamante)', 'Bellissimo appartamento a uso vacanza situato nella costa tirrenica calabrese in provincia di Cosenza. Compreso di wi-fi, posto macchinae vista mare mozzafiato.', 6, 4, 1, 90, 'Italia', 'Diamante', 'Lungomare Riviera Blu', '39.673000', '15.826500', 'images/rbI7DXHiaeu2NAiknx1ntuE7cF21L4XflfxJ0AQb.jpeg', '900.00', 1, 'appartamento-uso-vacanza-diamante', '2020-07-27 08:05:34', '2020-07-27 08:05:34'),
(36, 2, 'Appartamento vacanze estive (Cetraro)', 'Bellissimo appartamento a uso vacanza situato nella costa tirrenica calabrese in provincia di Cosenza. Compreso di wi-fi, posto macchinae vista mare mozzafiato.', 6, 4, 1, 90, 'Italia', 'Cetraro', 'Piazza San Marco', '39.510600', '15.940300', 'images/GmUrsgq8d1HZjHX6WBYsmUdlzqC0r0uEEiO1NdLh.jpeg', '860.00', 1, 'appartamento-vacanze-estive-cetraro', '2020-07-27 08:06:20', '2020-07-27 08:09:02'),
(37, 2, 'Appartamento sul mare in Calabria', 'Bellissimo appartamento a uso vacanza situato nella costa tirrenica calabrese in provincia di Cosenza. Compreso di wi-fi, posto macchina e vista mare mozzafiato.', 8, 5, 1, 80, 'Italia', 'Cetraro', 'Corso San Benedetto', '39.518000', '15.940400', 'images/9wNLUHyjnvC3j6FLyqW99Z9VoW8v5PvI67DrHiw0.jpeg', '950.00', 1, 'appartamento-sul-mare-in-calabria', '2020-07-27 08:08:19', '2020-07-27 08:08:19'),
(38, 2, 'Villetta in residence', 'Bellissima villa a uso vacanza situata nella costa tirrenica calabrese in provincia di Cosenza. Compreso di wi-fi, posto macchina, vista mare mozzafiato.', 8, 4, 1, 91, 'Italia', 'Belvedere Marittimo', 'Marina di Belvedere', '39.622000', '15.851000', 'images/jlzBggEGBJYIsZzB5LMVcQrSbSEGFe4iCF31ZguZ.jpeg', '950.00', 1, 'villetta-in-residence', '2020-07-27 08:11:02', '2020-07-27 09:46:13'),
(39, 2, 'Villa in residence a Positano', 'Bellissima villetta in un residence a Positano. La villa è composta da 4 stanze tra cui 2 stanze da letto, 1 bagno, 1 cucina. Servizi agggiuntivi wi-fi, posto macchina e piscina condivisa con gli altri residenti', 4, 4, 1, 70, 'Italia', 'Positano', 'Via Guglielmo Marconi', '40.628600', '14.488900', 'images/wjqqftgT02QlY1GvEA9F4kZZVbwGl4HbPFuL8tl2.jpeg', '1100.00', 1, 'villa-in-residence-a-positano', '2020-07-27 08:18:48', '2020-07-27 08:18:48'),
(40, 2, 'Villa in residence (Amalfi)', 'Splendida villa in residence sulla costiera amalfitana. La villa gode di un\'eccellente vista mare, ha una piscina in condivisone con gli altri residenti, posto macchina e portineria.', 4, 3, 1, 100, 'Italia', 'Amalfi', 'Via Papa Leone X', '40.631400', '14.588600', 'images/cl8fSVLes0TxviGdtrUN3Cm8UAasRZrRUu8z88DI.jpeg', '1000.00', 1, 'villa-in-residence-amalfi', '2020-07-27 08:37:16', '2020-07-27 08:37:16');

-- --------------------------------------------------------

--
-- Table structure for table `sponsors`
--

CREATE TABLE `sponsors` (
  `id` bigint(20) UNSIGNED NOT NULL,
  `name` varchar(255) COLLATE utf8mb4_unicode_ci NOT NULL,
  `price` decimal(11,2) NOT NULL,
  `duration` smallint(6) NOT NULL
) ENGINE=InnoDB DEFAULT CHARSET=utf8mb4 COLLATE=utf8mb4_unicode_ci;

--
-- Dumping data for table `sponsors`
--

INSERT INTO `sponsors` (`id`, `name`, `price`, `duration`) VALUES
(1, 'bronze', '2.99', 24),
(2, 'silver', '5.99', 72),
(3, 'gold', '9.99', 144);

-- --------------------------------------------------------

--
-- Table structure for table `sponsor_place`
--

CREATE TABLE `sponsor_place` (
  `id` bigint(20) UNSIGNED NOT NULL,
  `sponsor_id` bigint(20) UNSIGNED NOT NULL,
  `place_id` bigint(20) UNSIGNED NOT NULL,
  `id_transaction` varchar(255) COLLATE utf8mb4_unicode_ci NOT NULL,
  `start` datetime NOT NULL,
  `end` datetime NOT NULL
) ENGINE=InnoDB DEFAULT CHARSET=utf8mb4 COLLATE=utf8mb4_unicode_ci;

--
-- Dumping data for table `sponsor_place`
--

INSERT INTO `sponsor_place` (`id`, `sponsor_id`, `place_id`, `id_transaction`, `start`, `end`) VALUES
(1, 3, 1, 'hrtmyqke', '2020-07-26 16:13:39', '2020-08-01 16:13:39'),
(2, 3, 3, 'k49n8ctc', '2020-07-26 16:15:46', '2020-08-01 16:15:46'),
(3, 3, 4, '9kvmx3x6', '2020-07-26 16:24:21', '2020-08-01 16:24:21'),
(4, 3, 2, '1d2ygq09', '2020-07-26 18:37:12', '2020-08-01 18:37:12'),
(5, 3, 9, '1j2ne99m', '2020-07-26 18:54:34', '2020-08-01 18:54:34'),
(6, 3, 11, 'cdv4zmh1', '2020-07-26 19:01:38', '2020-08-01 19:01:38'),
(7, 3, 12, 'ckqt9gx8', '2020-07-26 19:26:16', '2020-08-01 19:26:16'),
(8, 3, 14, 'b08kn8tj', '2020-07-26 19:34:07', '2020-08-01 19:34:07'),
(9, 3, 15, '074zsk9y', '2020-07-26 19:44:26', '2020-08-01 19:44:26'),
(10, 3, 19, 'q1dphe31', '2020-07-26 21:13:01', '2020-08-01 21:13:01'),
(11, 3, 17, '0a8dhf4d', '2020-07-26 21:13:20', '2020-08-01 21:13:20'),
(12, 3, 18, 'hxz355xq', '2020-07-26 21:13:40', '2020-08-01 21:13:40'),
(13, 3, 37, '7ar3gg8v', '2020-07-27 10:37:50', '2020-08-02 10:37:50'),
(14, 3, 39, 'err62zmn', '2020-07-27 10:38:08', '2020-08-02 10:38:08'),
(15, 3, 40, 'k4fkg214', '2020-07-27 10:38:29', '2020-08-02 10:38:29'),
(16, 3, 38, 'r6e17d5a', '2020-07-27 11:45:15', '2020-08-02 11:45:15'),
(17, 2, 30, 'cdrmfbqr', '2020-07-27 13:03:02', '2020-07-30 13:03:02'),
(18, 3, 16, 'p3y41chp', '2020-07-27 13:05:25', '2020-08-02 13:05:25'),
(19, 3, 22, 'aycgayar', '2020-07-27 13:05:56', '2020-08-02 13:05:56'),
(20, 1, 35, 'qjgbj72y', '2020-07-27 16:24:56', '2020-07-28 16:24:56');

-- --------------------------------------------------------

--
-- Table structure for table `users`
--

CREATE TABLE `users` (
  `id` bigint(20) UNSIGNED NOT NULL,
  `name` varchar(255) COLLATE utf8mb4_unicode_ci NOT NULL,
  `last_name` varchar(255) COLLATE utf8mb4_unicode_ci NOT NULL,
  `birth_date` date NOT NULL,
  `email` varchar(255) COLLATE utf8mb4_unicode_ci NOT NULL,
  `password` varchar(255) COLLATE utf8mb4_unicode_ci NOT NULL,
  `email_verified_at` timestamp NULL DEFAULT NULL,
  `remember_token` varchar(100) COLLATE utf8mb4_unicode_ci DEFAULT NULL,
  `created_at` timestamp NULL DEFAULT NULL,
  `updated_at` timestamp NULL DEFAULT NULL,
  `avatar` varchar(255) COLLATE utf8mb4_unicode_ci DEFAULT NULL
) ENGINE=InnoDB DEFAULT CHARSET=utf8mb4 COLLATE=utf8mb4_unicode_ci;

--
-- Dumping data for table `users`
--

INSERT INTO `users` (`id`, `name`, `last_name`, `birth_date`, `email`, `password`, `email_verified_at`, `remember_token`, `created_at`, `updated_at`, `avatar`) VALUES
(1, 'Diletta', 'Rossi', '1993-02-02', 'diletta@rossi.it', '$2y$10$nvfHxuvKBgSE/QATwH6Y8.FbQ0emP/OfZsuxhfUM32SR84BVNUe4m', NULL, NULL, '2020-07-26 14:10:56', '2020-07-26 14:10:56', NULL),
(2, 'Samantha', 'Verdi', '1990-12-01', 'samantha@verdi.it', '$2y$10$RdgaeHem.mhGWLKbhMZ/2uVYzWqc918Yc4wGfShiQmt5BO0asj8KK', NULL, NULL, '2020-07-27 07:58:56', '2020-07-27 07:58:56', NULL);

-- --------------------------------------------------------

--
-- Table structure for table `visits`
--

CREATE TABLE `visits` (
  `id` bigint(20) UNSIGNED NOT NULL,
  `place_id` bigint(20) UNSIGNED NOT NULL,
  `date` date NOT NULL,
  `created_at` timestamp NULL DEFAULT NULL,
  `updated_at` timestamp NULL DEFAULT NULL
) ENGINE=InnoDB DEFAULT CHARSET=utf8mb4 COLLATE=utf8mb4_unicode_ci;

--
-- Dumping data for table `visits`
--

INSERT INTO `visits` (`id`, `place_id`, `date`, `created_at`, `updated_at`) VALUES
(118, 14, '2020-05-15', '2020-07-27 14:09:30', '2020-07-27 14:09:30'),
(119, 3, '2020-04-25', '2020-07-27 14:09:30', '2020-07-27 14:09:30'),
(120, 11, '2020-02-07', '2020-07-27 14:09:30', '2020-07-27 14:09:30'),
(121, 36, '2020-02-02', '2020-07-27 14:09:30', '2020-07-27 14:09:30'),
(122, 1, '2020-06-15', '2020-07-27 14:09:30', '2020-07-27 14:09:30'),
(123, 22, '2020-03-05', '2020-07-27 14:09:30', '2020-07-27 14:09:30'),
(124, 2, '2020-05-15', '2020-07-27 14:09:30', '2020-07-27 14:09:30'),
(125, 17, '2020-03-11', '2020-07-27 14:09:30', '2020-07-27 14:09:30'),
(126, 21, '2020-06-28', '2020-07-27 14:09:30', '2020-07-27 14:09:30'),
(127, 11, '2020-07-26', '2020-07-27 14:09:30', '2020-07-27 14:09:30'),
(128, 24, '2020-07-24', '2020-07-27 14:09:30', '2020-07-27 14:09:30'),
(129, 25, '2020-04-19', '2020-07-27 14:09:30', '2020-07-27 14:09:30'),
(130, 28, '2020-07-29', '2020-07-27 14:09:30', '2020-07-27 14:09:30'),
(131, 35, '2020-02-26', '2020-07-27 14:09:30', '2020-07-27 14:09:30'),
(132, 18, '2020-05-14', '2020-07-27 14:09:30', '2020-07-27 14:09:30'),
(133, 24, '2020-02-21', '2020-07-27 14:09:30', '2020-07-27 14:09:30'),
(135, 4, '2020-07-10', '2020-07-27 14:10:42', '2020-07-27 14:10:42'),
(136, 4, '2020-06-24', '2020-07-27 14:10:42', '2020-07-27 14:10:42'),
(138, 1, '2020-03-29', '2020-07-27 14:10:54', '2020-07-27 14:10:54'),
(139, 3, '2020-05-21', '2020-07-27 14:10:54', '2020-07-27 14:10:54'),
(140, 30, '2020-04-08', '2020-07-27 14:10:54', '2020-07-27 14:10:54'),
(141, 15, '2020-04-03', '2020-07-27 14:10:54', '2020-07-27 14:10:54'),
(142, 14, '2020-05-25', '2020-07-27 14:10:54', '2020-07-27 14:10:54'),
(143, 13, '2020-07-25', '2020-07-27 14:10:54', '2020-07-27 14:10:54'),
(144, 30, '2020-06-04', '2020-07-27 14:10:54', '2020-07-27 14:10:54'),
(145, 30, '2020-02-12', '2020-07-27 14:10:54', '2020-07-27 14:10:54'),
(146, 11, '2020-03-26', '2020-07-27 14:10:54', '2020-07-27 14:10:54'),
(147, 25, '2020-06-09', '2020-07-27 14:10:54', '2020-07-27 14:10:54'),
(148, 12, '2020-05-25', '2020-07-27 14:10:54', '2020-07-27 14:10:54'),
(149, 33, '2020-06-08', '2020-07-27 14:10:54', '2020-07-27 14:10:54'),
(150, 16, '2020-05-16', '2020-07-27 14:10:54', '2020-07-27 14:10:54'),
(152, 31, '2020-05-04', '2020-07-27 14:10:55', '2020-07-27 14:10:55'),
(153, 2, '2020-05-24', '2020-07-27 14:10:55', '2020-07-27 14:10:55'),
(154, 33, '2020-04-15', '2020-07-27 14:10:55', '2020-07-27 14:10:55'),
(156, 15, '2020-06-02', '2020-07-27 14:10:56', '2020-07-27 14:10:56'),
(157, 9, '2020-02-13', '2020-07-27 14:10:56', '2020-07-27 14:10:56'),
(158, 31, '2020-03-17', '2020-07-27 14:10:56', '2020-07-27 14:10:56'),
(159, 9, '2020-03-16', '2020-07-27 14:10:56', '2020-07-27 14:10:56'),
(160, 1, '2020-06-05', '2020-07-27 14:10:56', '2020-07-27 14:10:56'),
(161, 3, '2020-05-09', '2020-07-27 14:10:56', '2020-07-27 14:10:56'),
(162, 10, '2020-07-08', '2020-07-27 14:10:56', '2020-07-27 14:10:56'),
(163, 34, '2020-06-21', '2020-07-27 14:10:56', '2020-07-27 14:10:56'),
(164, 25, '2020-02-27', '2020-07-27 14:10:56', '2020-07-27 14:10:56'),
(165, 36, '2020-07-15', '2020-07-27 14:10:56', '2020-07-27 14:10:56'),
(167, 24, '2020-06-11', '2020-07-27 14:10:57', '2020-07-27 14:10:57'),
(168, 4, '2020-01-26', '2020-07-27 14:10:57', '2020-07-27 14:10:57'),
(169, 33, '2020-04-27', '2020-07-27 14:10:57', '2020-07-27 14:10:57'),
(171, 15, '2020-02-02', '2020-07-27 14:11:19', '2020-07-27 14:11:19'),
(172, 30, '2020-04-20', '2020-07-27 14:11:19', '2020-07-27 14:11:19'),
(173, 15, '2020-02-20', '2020-07-27 14:11:19', '2020-07-27 14:11:19'),
(175, 10, '2020-02-19', '2020-07-27 14:11:20', '2020-07-27 14:11:20'),
(176, 25, '2020-02-14', '2020-07-27 14:11:20', '2020-07-27 14:11:20'),
(177, 1, '2020-04-25', '2020-07-27 14:11:20', '2020-07-27 14:11:20'),
(179, 14, '2020-03-01', '2020-07-27 14:11:20', '2020-07-27 14:11:20'),
(180, 21, '2020-05-13', '2020-07-27 14:11:20', '2020-07-27 14:11:20'),
(181, 17, '2020-07-19', '2020-07-27 14:11:20', '2020-07-27 14:11:20'),
(182, 17, '2020-05-14', '2020-07-27 14:11:20', '2020-07-27 14:11:20'),
(183, 25, '2020-07-28', '2020-07-27 14:11:20', '2020-07-27 14:11:20'),
(185, 12, '2020-03-21', '2020-07-27 14:11:22', '2020-07-27 14:11:22'),
(186, 10, '2020-04-02', '2020-07-27 14:11:22', '2020-07-27 14:11:22'),
(188, 1, '2020-07-06', '2020-07-27 14:11:23', '2020-07-27 14:11:23'),
(189, 28, '2020-05-02', '2020-07-27 14:11:23', '2020-07-27 14:11:23'),
(190, 15, '2020-04-11', '2020-07-27 14:11:23', '2020-07-27 14:11:23'),
(191, 32, '2020-06-07', '2020-07-27 14:11:23', '2020-07-27 14:11:23'),
(192, 15, '2020-06-27', '2020-07-27 14:11:23', '2020-07-27 14:11:23'),
(193, 26, '2020-02-25', '2020-07-27 14:11:23', '2020-07-27 14:11:23'),
(194, 30, '2020-05-28', '2020-07-27 14:11:23', '2020-07-27 14:11:23'),
(195, 23, '2020-06-17', '2020-07-27 14:11:23', '2020-07-27 14:11:23'),
(196, 1, '2020-06-29', '2020-07-27 14:11:23', '2020-07-27 14:11:23'),
(197, 15, '2020-05-13', '2020-07-27 14:11:23', '2020-07-27 14:11:23'),
(198, 22, '2020-02-11', '2020-07-27 14:11:23', '2020-07-27 14:11:23'),
(199, 35, '2020-01-27', '2020-07-27 14:11:23', '2020-07-27 14:11:23'),
(200, 30, '2020-07-11', '2020-07-27 14:11:23', '2020-07-27 14:11:23'),
(202, 20, '2020-01-05', '2020-07-27 14:11:24', '2020-07-27 14:11:24'),
(203, 23, '2020-01-17', '2020-07-27 14:11:24', '2020-07-27 14:11:24'),
(204, 1, '2020-04-03', '2020-07-27 14:11:24', '2020-07-27 14:11:24'),
(205, 30, '2020-07-22', '2020-07-27 14:11:24', '2020-07-27 14:11:24'),
(206, 22, '2020-04-17', '2020-07-27 14:11:24', '2020-07-27 14:11:24'),
(207, 15, '2020-04-23', '2020-07-27 14:11:24', '2020-07-27 14:11:24'),
(208, 19, '2020-02-10', '2020-07-27 14:11:24', '2020-07-27 14:11:24'),
(209, 34, '2020-06-07', '2020-07-27 14:11:24', '2020-07-27 14:11:24'),
(211, 31, '2020-05-02', '2020-07-27 14:11:25', '2020-07-27 14:11:25'),
(212, 33, '2020-01-10', '2020-07-27 14:11:25', '2020-07-27 14:11:25'),
(214, 24, '2020-03-22', '2020-07-27 14:11:26', '2020-07-27 14:11:26'),
(215, 25, '2020-02-27', '2020-07-27 14:11:26', '2020-07-27 14:11:26'),
(216, 12, '2020-06-14', '2020-07-27 14:11:26', '2020-07-27 14:11:26'),
(217, 17, '2020-05-21', '2020-07-27 14:11:26', '2020-07-27 14:11:26'),
(218, 21, '2020-02-02', '2020-07-27 14:11:26', '2020-07-27 14:11:26'),
(219, 14, '2020-02-27', '2020-07-27 14:11:26', '2020-07-27 14:11:26'),
(220, 25, '2020-04-24', '2020-07-27 14:11:26', '2020-07-27 14:11:26'),
(221, 33, '2020-03-28', '2020-07-27 14:11:26', '2020-07-27 14:11:26'),
(222, 31, '2020-05-29', '2020-07-27 14:11:26', '2020-07-27 14:11:26'),
(223, 16, '2020-06-17', '2020-07-27 14:11:26', '2020-07-27 14:11:26'),
(224, 34, '2020-05-15', '2020-07-27 14:11:26', '2020-07-27 14:11:26'),
(225, 32, '2020-03-05', '2020-07-27 14:11:26', '2020-07-27 14:11:26'),
(226, 1, '2020-03-07', '2020-07-27 14:11:26', '2020-07-27 14:11:26'),
(227, 19, '2020-04-25', '2020-07-27 14:11:26', '2020-07-27 14:11:26'),
(228, 32, '2020-03-27', '2020-07-27 14:11:26', '2020-07-27 14:11:26'),
(229, 15, '2020-03-10', '2020-07-27 14:11:26', '2020-07-27 14:11:26'),
(230, 13, '2020-02-17', '2020-07-27 14:11:26', '2020-07-27 14:11:26'),
(231, 13, '2020-01-21', '2020-07-27 14:11:26', '2020-07-27 14:11:26'),
(232, 10, '2020-02-01', '2020-07-27 14:11:26', '2020-07-27 14:11:26'),
(233, 31, '2020-04-26', '2020-07-27 14:11:26', '2020-07-27 14:11:26'),
(235, 23, '2020-03-18', '2020-07-27 14:11:27', '2020-07-27 14:11:27'),
(236, 2, '2020-01-21', '2020-07-27 14:11:27', '2020-07-27 14:11:27'),
(237, 26, '2020-01-22', '2020-07-27 14:11:27', '2020-07-27 14:11:27'),
(238, 14, '2020-06-18', '2020-07-27 14:11:27', '2020-07-27 14:11:27'),
(239, 15, '2020-04-18', '2020-07-27 14:11:27', '2020-07-27 14:11:27'),
(240, 11, '2020-05-13', '2020-07-27 14:11:27', '2020-07-27 14:11:27'),
(242, 4, '2020-02-13', '2020-07-27 14:11:28', '2020-07-27 14:11:28'),
(243, 26, '2020-05-29', '2020-07-27 14:11:28', '2020-07-27 14:11:28'),
(244, 25, '2020-03-28', '2020-07-27 14:11:28', '2020-07-27 14:11:28'),
(245, 32, '2020-07-01', '2020-07-27 14:11:28', '2020-07-27 14:11:28'),
(246, 31, '2020-01-21', '2020-07-27 14:11:28', '2020-07-27 14:11:28'),
(247, 15, '2020-04-13', '2020-07-27 14:11:28', '2020-07-27 14:11:28'),
(248, 32, '2020-06-14', '2020-07-27 14:11:28', '2020-07-27 14:11:28'),
(249, 19, '2020-03-17', '2020-07-27 14:11:28', '2020-07-27 14:11:28'),
(250, 29, '2020-02-29', '2020-07-27 14:11:28', '2020-07-27 14:11:28'),
(251, 15, '2020-04-02', '2020-07-27 14:11:28', '2020-07-27 14:11:28'),
(252, 31, '2020-07-05', '2020-07-27 14:11:28', '2020-07-27 14:11:28'),
(253, 23, '2020-07-10', '2020-07-27 14:11:28', '2020-07-27 14:11:28'),
(254, 32, '2020-07-11', '2020-07-27 14:11:28', '2020-07-27 14:11:28'),
(255, 31, '2020-02-07', '2020-07-27 14:11:28', '2020-07-27 14:11:28'),
(256, 36, '2020-02-10', '2020-07-27 14:11:28', '2020-07-27 14:11:28'),
(257, 15, '2020-03-13', '2020-07-27 14:11:28', '2020-07-27 14:11:28'),
(259, 18, '2020-04-04', '2020-07-27 14:11:29', '2020-07-27 14:11:29'),
(260, 28, '2020-06-27', '2020-07-27 14:11:29', '2020-07-27 14:11:29'),
(261, 29, '2020-03-06', '2020-07-27 14:11:29', '2020-07-27 14:11:29'),
(263, 19, '2020-04-23', '2020-07-27 14:11:30', '2020-07-27 14:11:30'),
(264, 26, '2020-06-11', '2020-07-27 14:11:30', '2020-07-27 14:11:30'),
(266, 24, '2020-05-01', '2020-07-27 14:11:31', '2020-07-27 14:11:31'),
(267, 35, '2020-07-08', '2020-07-27 14:11:31', '2020-07-27 14:11:31'),
(268, 28, '2020-03-13', '2020-07-27 14:11:31', '2020-07-27 14:11:31'),
(269, 25, '2020-02-15', '2020-07-27 14:11:31', '2020-07-27 14:11:31'),
(270, 1, '2020-06-27', '2020-07-27 14:11:31', '2020-07-27 14:11:31'),
(271, 15, '2020-04-09', '2020-07-27 14:11:31', '2020-07-27 14:11:31'),
(272, 29, '2020-04-16', '2020-07-27 14:11:31', '2020-07-27 14:11:31'),
(273, 31, '2020-01-22', '2020-07-27 14:11:31', '2020-07-27 14:11:31'),
(274, 32, '2020-01-12', '2020-07-27 14:11:31', '2020-07-27 14:11:31'),
(275, 20, '2020-06-25', '2020-07-27 14:11:31', '2020-07-27 14:11:31'),
(276, 10, '2020-07-17', '2020-07-27 14:11:31', '2020-07-27 14:11:31'),
(277, 14, '2020-06-29', '2020-07-27 14:11:31', '2020-07-27 14:11:31'),
(278, 34, '2020-03-05', '2020-07-27 14:11:31', '2020-07-27 14:11:31'),
(279, 17, '2020-04-20', '2020-07-27 14:11:31', '2020-07-27 14:11:31'),
(281, 22, '2020-01-19', '2020-07-27 14:11:32', '2020-07-27 14:11:32'),
(282, 30, '2020-03-21', '2020-07-27 14:11:32', '2020-07-27 14:11:32'),
(283, 29, '2020-03-23', '2020-07-27 14:11:32', '2020-07-27 14:11:32'),
(284, 16, '2020-04-17', '2020-07-27 14:11:32', '2020-07-27 14:11:32'),
(286, 29, '2020-06-23', '2020-07-27 14:11:33', '2020-07-27 14:11:33'),
(287, 35, '2020-02-07', '2020-07-27 14:11:33', '2020-07-27 14:11:33'),
(288, 9, '2020-07-12', '2020-07-27 14:11:33', '2020-07-27 14:11:33'),
(289, 24, '2020-07-11', '2020-07-27 14:11:33', '2020-07-27 14:11:33'),
(290, 26, '2020-03-28', '2020-07-27 14:11:33', '2020-07-27 14:11:33'),
(292, 23, '2020-04-04', '2020-07-27 14:11:35', '2020-07-27 14:11:35'),
(293, 30, '2020-07-14', '2020-07-27 14:11:35', '2020-07-27 14:11:35'),
(294, 35, '2020-04-06', '2020-07-27 14:11:35', '2020-07-27 14:11:35'),
(295, 10, '2020-02-20', '2020-07-27 14:11:35', '2020-07-27 14:11:35'),
(296, 4, '2020-07-11', '2020-07-27 14:11:35', '2020-07-27 14:11:35'),
(297, 4, '2020-01-23', '2020-07-27 14:11:35', '2020-07-27 14:11:35'),
(298, 19, '2020-06-26', '2020-07-27 14:11:35', '2020-07-27 14:11:35'),
(299, 35, '2020-06-16', '2020-07-27 14:11:35', '2020-07-27 14:11:35'),
(301, 2, '2020-07-23', '2020-07-27 14:11:36', '2020-07-27 14:11:36'),
(302, 19, '2020-02-27', '2020-07-27 14:11:36', '2020-07-27 14:11:36'),
(303, 31, '2020-07-11', '2020-07-27 14:11:36', '2020-07-27 14:11:36'),
(304, 29, '2020-07-18', '2020-07-27 14:11:36', '2020-07-27 14:11:36'),
(305, 25, '2020-05-10', '2020-07-27 14:11:36', '2020-07-27 14:11:36'),
(306, 17, '2020-02-05', '2020-07-27 14:11:36', '2020-07-27 14:11:36'),
(307, 31, '2020-07-05', '2020-07-27 14:11:36', '2020-07-27 14:11:36'),
(309, 24, '2020-05-25', '2020-07-27 14:11:37', '2020-07-27 14:11:37'),
(310, 1, '2020-02-15', '2020-07-27 14:11:37', '2020-07-27 14:11:37'),
(312, 3, '2020-05-17', '2020-07-27 14:11:38', '2020-07-27 14:11:38'),
(313, 35, '2020-05-14', '2020-07-27 14:11:38', '2020-07-27 14:11:38'),
(314, 21, '2020-04-19', '2020-07-27 14:11:38', '2020-07-27 14:11:38'),
(315, 31, '2020-05-21', '2020-07-27 14:11:38', '2020-07-27 14:11:38'),
(316, 26, '2020-06-26', '2020-07-27 14:11:38', '2020-07-27 14:11:38'),
(317, 3, '2020-03-15', '2020-07-27 14:11:38', '2020-07-27 14:11:38'),
(318, 35, '2020-02-18', '2020-07-27 14:11:38', '2020-07-27 14:11:38'),
(320, 34, '2020-06-24', '2020-07-27 14:11:39', '2020-07-27 14:11:39'),
(321, 15, '2020-07-21', '2020-07-27 14:11:39', '2020-07-27 14:11:39'),
(322, 16, '2020-01-10', '2020-07-27 14:11:39', '2020-07-27 14:11:39'),
(323, 20, '2020-02-05', '2020-07-27 14:11:39', '2020-07-27 14:11:39'),
(325, 28, '2020-06-02', '2020-07-27 14:11:40', '2020-07-27 14:11:40'),
(326, 24, '2020-02-18', '2020-07-27 14:11:40', '2020-07-27 14:11:40'),
(328, 17, '2020-04-11', '2020-07-27 14:11:40', '2020-07-27 14:11:40'),
(329, 9, '2020-07-09', '2020-07-27 14:11:40', '2020-07-27 14:11:40'),
(330, 34, '2020-03-07', '2020-07-27 14:11:40', '2020-07-27 14:11:40'),
(331, 28, '2020-04-03', '2020-07-27 14:11:40', '2020-07-27 14:11:40'),
(332, 24, '2020-06-02', '2020-07-27 14:11:40', '2020-07-27 14:11:40'),
(333, 35, '2020-05-01', '2020-07-27 14:11:40', '2020-07-27 14:11:40'),
(334, 13, '2020-01-03', '2020-07-27 14:11:40', '2020-07-27 14:11:40'),
(335, 36, '2020-04-19', '2020-07-27 14:11:40', '2020-07-27 14:11:40'),
(336, 35, '2020-04-26', '2020-07-27 14:11:40', '2020-07-27 14:11:40'),
(337, 11, '2020-06-28', '2020-07-27 14:11:40', '2020-07-27 14:11:40'),
(338, 19, '2020-04-16', '2020-07-27 14:11:40', '2020-07-27 14:11:40'),
(339, 34, '2020-03-10', '2020-07-27 14:11:40', '2020-07-27 14:11:40'),
(340, 24, '2020-07-18', '2020-07-27 14:11:40', '2020-07-27 14:11:40'),
(341, 11, '2020-05-18', '2020-07-27 14:11:40', '2020-07-27 14:11:40'),
(344, 28, '2020-03-17', '2020-07-27 14:11:42', '2020-07-27 14:11:42'),
(345, 14, '2020-02-18', '2020-07-27 14:11:42', '2020-07-27 14:11:42'),
(346, 13, '2020-03-17', '2020-07-27 14:11:42', '2020-07-27 14:11:42'),
(347, 36, '2020-05-15', '2020-07-27 14:11:42', '2020-07-27 14:11:42'),
(348, 12, '2020-05-01', '2020-07-27 14:11:42', '2020-07-27 14:11:42'),
(349, 16, '2020-01-13', '2020-07-27 14:11:42', '2020-07-27 14:11:42'),
(350, 27, '2020-04-12', '2020-07-27 14:11:42', '2020-07-27 14:11:42'),
(351, 30, '2020-02-10', '2020-07-27 14:11:42', '2020-07-27 14:11:42'),
(352, 21, '2020-02-21', '2020-07-27 14:11:42', '2020-07-27 14:11:42'),
(354, 18, '2020-02-07', '2020-07-27 14:11:43', '2020-07-27 14:11:43'),
(355, 19, '2020-06-08', '2020-07-27 14:11:43', '2020-07-27 14:11:43'),
(356, 33, '2020-07-09', '2020-07-27 14:11:43', '2020-07-27 14:11:43'),
(357, 10, '2020-07-24', '2020-07-27 14:11:43', '2020-07-27 14:11:43'),
(358, 4, '2020-02-21', '2020-07-27 14:11:43', '2020-07-27 14:11:43'),
(359, 36, '2020-05-14', '2020-07-27 14:11:43', '2020-07-27 14:11:43'),
(360, 25, '2020-04-17', '2020-07-27 14:11:43', '2020-07-27 14:11:43'),
(361, 27, '2020-01-07', '2020-07-27 14:11:43', '2020-07-27 14:11:43'),
(362, 36, '2020-05-06', '2020-07-27 14:11:43', '2020-07-27 14:11:43'),
(363, 14, '2020-03-01', '2020-07-27 14:11:43', '2020-07-27 14:11:43'),
(364, 14, '2020-03-07', '2020-07-27 14:11:43', '2020-07-27 14:11:43'),
(365, 33, '2020-03-03', '2020-07-27 14:11:43', '2020-07-27 14:11:43'),
(366, 1, '2020-05-17', '2020-07-27 14:11:43', '2020-07-27 14:11:43'),
(367, 12, '2020-01-06', '2020-07-27 14:11:43', '2020-07-27 14:11:43'),
(368, 26, '2020-04-17', '2020-07-27 14:11:43', '2020-07-27 14:11:43'),
(369, 28, '2020-07-02', '2020-07-27 14:11:43', '2020-07-27 14:11:43'),
(370, 23, '2020-01-16', '2020-07-27 14:11:43', '2020-07-27 14:11:43'),
(371, 32, '2020-07-07', '2020-07-27 14:11:43', '2020-07-27 14:11:43'),
(372, 1, '2020-07-22', '2020-07-27 14:11:43', '2020-07-27 14:11:43'),
(373, 23, '2020-06-05', '2020-07-27 14:11:43', '2020-07-27 14:11:43'),
(374, 34, '2020-06-26', '2020-07-27 14:11:43', '2020-07-27 14:11:43'),
(375, 14, '2020-06-03', '2020-07-27 14:11:43', '2020-07-27 14:11:43'),
(376, 18, '2020-06-04', '2020-07-27 14:11:43', '2020-07-27 14:11:43'),
(377, 4, '2020-02-11', '2020-07-27 14:11:43', '2020-07-27 14:11:43'),
(378, 12, '2020-04-06', '2020-07-27 14:11:43', '2020-07-27 14:11:43'),
(379, 26, '2020-01-04', '2020-07-27 14:11:43', '2020-07-27 14:11:43'),
(380, 10, '2020-03-25', '2020-07-27 14:11:43', '2020-07-27 14:11:43'),
(381, 27, '2020-06-03', '2020-07-27 14:11:43', '2020-07-27 14:11:43'),
(382, 27, '2020-07-02', '2020-07-27 14:11:43', '2020-07-27 14:11:43'),
(384, 29, '2020-06-21', '2020-07-27 14:11:44', '2020-07-27 14:11:44'),
(385, 10, '2020-07-02', '2020-07-27 14:11:44', '2020-07-27 14:11:44'),
(386, 12, '2020-01-18', '2020-07-27 14:11:44', '2020-07-27 14:11:44'),
(387, 27, '2020-03-07', '2020-07-27 14:11:44', '2020-07-27 14:11:44'),
(388, 20, '2020-04-28', '2020-07-27 14:11:44', '2020-07-27 14:11:44'),
(389, 19, '2020-07-18', '2020-07-27 14:11:44', '2020-07-27 14:11:44'),
(390, 31, '2020-07-24', '2020-07-27 14:11:44', '2020-07-27 14:11:44'),
(391, 25, '2020-06-25', '2020-07-27 14:11:44', '2020-07-27 14:11:44'),
(392, 36, '2020-06-23', '2020-07-27 14:11:44', '2020-07-27 14:11:44'),
(393, 10, '2020-04-21', '2020-07-27 14:11:44', '2020-07-27 14:11:44'),
(394, 13, '2020-01-22', '2020-07-27 14:11:44', '2020-07-27 14:11:44'),
(395, 10, '2020-03-29', '2020-07-27 14:11:44', '2020-07-27 14:11:44'),
(396, 19, '2020-04-08', '2020-07-27 14:11:44', '2020-07-27 14:11:44'),
(397, 26, '2020-04-14', '2020-07-27 14:11:44', '2020-07-27 14:11:44'),
(398, 17, '2020-07-20', '2020-07-27 14:11:44', '2020-07-27 14:11:44'),
(399, 23, '2020-03-04', '2020-07-27 14:11:44', '2020-07-27 14:11:44'),
(401, 11, '2020-06-09', '2020-07-27 14:11:45', '2020-07-27 14:11:45'),
(403, 4, '2020-02-11', '2020-07-27 14:11:46', '2020-07-27 14:11:46'),
(404, 35, '2020-07-10', '2020-07-27 14:11:46', '2020-07-27 14:11:46'),
(405, 11, '2020-01-03', '2020-07-27 14:11:46', '2020-07-27 14:11:46'),
(408, 38, '2020-07-27', '2020-07-27 14:13:19', '2020-07-27 14:13:19'),
(409, 38, '2020-07-27', '2020-07-27 14:13:23', '2020-07-27 14:13:23'),
(410, 38, '2020-07-27', '2020-07-27 14:13:25', '2020-07-27 14:13:25'),
(411, 38, '2020-07-27', '2020-07-27 14:13:26', '2020-07-27 14:13:26'),
(412, 38, '2020-07-27', '2020-07-27 14:13:26', '2020-07-27 14:13:26'),
(413, 38, '2020-07-27', '2020-07-27 14:13:27', '2020-07-27 14:13:27'),
(414, 38, '2020-07-27', '2020-07-27 14:13:29', '2020-07-27 14:13:29'),
(415, 37, '2020-02-08', '2020-07-27 14:14:43', '2020-07-27 14:14:43'),
(416, 37, '2020-03-01', '2020-07-27 14:14:43', '2020-07-27 14:14:43'),
(417, 37, '2020-02-29', '2020-07-27 14:14:43', '2020-07-27 14:14:43'),
(418, 37, '2020-04-24', '2020-07-27 14:14:43', '2020-07-27 14:14:43'),
(419, 37, '2020-07-06', '2020-07-27 14:14:43', '2020-07-27 14:14:43'),
(420, 37, '2020-02-12', '2020-07-27 14:14:43', '2020-07-27 14:14:43'),
(421, 37, '2020-03-27', '2020-07-27 14:14:43', '2020-07-27 14:14:43'),
(422, 37, '2020-07-16', '2020-07-27 14:14:43', '2020-07-27 14:14:43'),
(423, 37, '2020-03-26', '2020-07-27 14:14:43', '2020-07-27 14:14:43'),
(424, 37, '2020-02-22', '2020-07-27 14:14:43', '2020-07-27 14:14:43'),
(425, 37, '2020-04-15', '2020-07-27 14:14:43', '2020-07-27 14:14:43'),
(426, 37, '2020-06-27', '2020-07-27 14:14:43', '2020-07-27 14:14:43'),
(427, 37, '2020-06-16', '2020-07-27 14:14:43', '2020-07-27 14:14:43'),
(428, 37, '2020-04-19', '2020-07-27 14:14:43', '2020-07-27 14:14:43'),
(429, 37, '2020-07-18', '2020-07-27 14:14:43', '2020-07-27 14:14:43'),
(430, 37, '2020-04-14', '2020-07-27 14:14:43', '2020-07-27 14:14:43'),
(431, 37, '2020-01-05', '2020-07-27 14:14:43', '2020-07-27 14:14:43'),
(432, 37, '2020-01-23', '2020-07-27 14:14:43', '2020-07-27 14:14:43'),
(433, 37, '2020-04-20', '2020-07-27 14:14:43', '2020-07-27 14:14:43'),
(434, 37, '2020-03-12', '2020-07-27 14:14:43', '2020-07-27 14:14:43'),
(435, 37, '2020-07-24', '2020-07-27 14:14:43', '2020-07-27 14:14:43'),
(436, 37, '2020-02-02', '2020-07-27 14:14:43', '2020-07-27 14:14:43'),
(437, 37, '2020-07-20', '2020-07-27 14:14:43', '2020-07-27 14:14:43'),
(438, 37, '2020-02-21', '2020-07-27 14:14:43', '2020-07-27 14:14:43'),
(439, 37, '2020-03-03', '2020-07-27 14:14:43', '2020-07-27 14:14:43'),
(440, 37, '2020-02-25', '2020-07-27 14:14:43', '2020-07-27 14:14:43'),
(441, 37, '2020-07-20', '2020-07-27 14:14:43', '2020-07-27 14:14:43'),
(442, 37, '2020-07-05', '2020-07-27 14:14:43', '2020-07-27 14:14:43'),
(443, 37, '2020-06-24', '2020-07-27 14:14:43', '2020-07-27 14:14:43'),
(444, 37, '2020-01-15', '2020-07-27 14:14:43', '2020-07-27 14:14:43'),
(445, 37, '2020-01-05', '2020-07-27 14:14:43', '2020-07-27 14:14:43'),
(446, 37, '2020-03-24', '2020-07-27 14:14:43', '2020-07-27 14:14:43'),
(447, 37, '2020-04-26', '2020-07-27 14:14:43', '2020-07-27 14:14:43'),
(448, 37, '2020-07-04', '2020-07-27 14:14:43', '2020-07-27 14:14:43'),
(449, 37, '2020-05-12', '2020-07-27 14:14:43', '2020-07-27 14:14:43'),
(450, 37, '2020-07-27', '2020-07-27 14:14:43', '2020-07-27 14:14:43'),
(451, 37, '2020-05-29', '2020-07-27 14:14:43', '2020-07-27 14:14:43'),
(452, 37, '2020-05-28', '2020-07-27 14:14:43', '2020-07-27 14:14:43'),
(453, 37, '2020-07-11', '2020-07-27 14:14:43', '2020-07-27 14:14:43'),
(454, 37, '2020-04-12', '2020-07-27 14:14:43', '2020-07-27 14:14:43'),
(455, 37, '2020-01-12', '2020-07-27 14:14:43', '2020-07-27 14:14:43'),
(456, 37, '2020-02-15', '2020-07-27 14:14:43', '2020-07-27 14:14:43'),
(457, 37, '2020-04-03', '2020-07-27 14:14:43', '2020-07-27 14:14:43'),
(458, 37, '2020-06-14', '2020-07-27 14:14:43', '2020-07-27 14:14:43'),
(459, 37, '2020-03-04', '2020-07-27 14:14:43', '2020-07-27 14:14:43'),
(460, 37, '2020-04-28', '2020-07-27 14:14:43', '2020-07-27 14:14:43'),
(461, 37, '2020-03-23', '2020-07-27 14:14:43', '2020-07-27 14:14:43'),
(462, 37, '2020-02-09', '2020-07-27 14:14:43', '2020-07-27 14:14:43'),
(463, 37, '2020-01-06', '2020-07-27 14:14:43', '2020-07-27 14:14:43'),
(464, 37, '2020-05-25', '2020-07-27 14:14:43', '2020-07-27 14:14:43'),
(465, 37, '2020-07-17', '2020-07-27 14:14:43', '2020-07-27 14:14:43'),
(466, 37, '2020-02-06', '2020-07-27 14:14:43', '2020-07-27 14:14:43'),
(467, 37, '2020-02-20', '2020-07-27 14:14:43', '2020-07-27 14:14:43'),
(468, 37, '2020-03-15', '2020-07-27 14:14:43', '2020-07-27 14:14:43'),
(469, 37, '2020-01-09', '2020-07-27 14:14:43', '2020-07-27 14:14:43'),
(470, 37, '2020-04-14', '2020-07-27 14:14:43', '2020-07-27 14:14:43'),
(471, 37, '2020-03-08', '2020-07-27 14:14:43', '2020-07-27 14:14:43'),
(472, 37, '2020-01-03', '2020-07-27 14:14:43', '2020-07-27 14:14:43'),
(473, 37, '2020-06-03', '2020-07-27 14:14:43', '2020-07-27 14:14:43'),
(474, 37, '2020-05-10', '2020-07-27 14:14:43', '2020-07-27 14:14:43'),
(475, 37, '2020-02-18', '2020-07-27 14:14:43', '2020-07-27 14:14:43'),
(476, 37, '2020-01-12', '2020-07-27 14:14:43', '2020-07-27 14:14:43'),
(477, 37, '2020-04-08', '2020-07-27 14:14:43', '2020-07-27 14:14:43'),
(478, 37, '2020-01-17', '2020-07-27 14:14:43', '2020-07-27 14:14:43'),
(479, 37, '2020-03-10', '2020-07-27 14:14:43', '2020-07-27 14:14:43'),
(480, 37, '2020-02-09', '2020-07-27 14:14:43', '2020-07-27 14:14:43'),
(481, 37, '2020-07-09', '2020-07-27 14:14:43', '2020-07-27 14:14:43'),
(482, 37, '2020-06-18', '2020-07-27 14:14:43', '2020-07-27 14:14:43'),
(483, 37, '2020-01-08', '2020-07-27 14:14:43', '2020-07-27 14:14:43'),
(484, 37, '2020-01-28', '2020-07-27 14:14:43', '2020-07-27 14:14:43'),
(485, 37, '2020-04-07', '2020-07-27 14:14:43', '2020-07-27 14:14:43'),
(486, 37, '2020-07-07', '2020-07-27 14:14:43', '2020-07-27 14:14:43'),
(487, 37, '2020-01-13', '2020-07-27 14:14:43', '2020-07-27 14:14:43'),
(488, 37, '2020-03-17', '2020-07-27 14:14:43', '2020-07-27 14:14:43'),
(489, 37, '2020-06-16', '2020-07-27 14:14:43', '2020-07-27 14:14:43'),
(490, 37, '2020-06-23', '2020-07-27 14:14:43', '2020-07-27 14:14:43'),
(491, 37, '2020-04-24', '2020-07-27 14:14:43', '2020-07-27 14:14:43'),
(492, 37, '2020-02-22', '2020-07-27 14:14:43', '2020-07-27 14:14:43'),
(493, 37, '2020-01-13', '2020-07-27 14:14:43', '2020-07-27 14:14:43'),
(494, 37, '2020-04-10', '2020-07-27 14:14:43', '2020-07-27 14:14:43'),
(495, 37, '2020-03-22', '2020-07-27 14:14:43', '2020-07-27 14:14:43'),
(496, 37, '2020-01-13', '2020-07-27 14:14:43', '2020-07-27 14:14:43'),
(497, 37, '2020-03-27', '2020-07-27 14:14:43', '2020-07-27 14:14:43'),
(498, 37, '2020-04-03', '2020-07-27 14:14:43', '2020-07-27 14:14:43'),
(499, 37, '2020-03-25', '2020-07-27 14:14:43', '2020-07-27 14:14:43'),
(500, 37, '2020-07-09', '2020-07-27 14:14:43', '2020-07-27 14:14:43'),
(501, 37, '2020-02-21', '2020-07-27 14:14:43', '2020-07-27 14:14:43'),
(502, 37, '2020-03-08', '2020-07-27 14:14:43', '2020-07-27 14:14:43'),
(503, 37, '2020-05-23', '2020-07-27 14:14:43', '2020-07-27 14:14:43'),
(504, 37, '2020-04-10', '2020-07-27 14:14:43', '2020-07-27 14:14:43'),
(505, 37, '2020-04-03', '2020-07-27 14:14:43', '2020-07-27 14:14:43'),
(506, 37, '2020-06-12', '2020-07-27 14:14:43', '2020-07-27 14:14:43'),
(507, 37, '2020-04-21', '2020-07-27 14:14:43', '2020-07-27 14:14:43'),
(508, 37, '2020-01-19', '2020-07-27 14:14:43', '2020-07-27 14:14:43'),
(509, 37, '2020-04-26', '2020-07-27 14:14:43', '2020-07-27 14:14:43'),
(510, 37, '2020-07-28', '2020-07-27 14:14:43', '2020-07-27 14:14:43'),
(511, 37, '2020-06-04', '2020-07-27 14:14:43', '2020-07-27 14:14:43'),
(512, 37, '2020-02-05', '2020-07-27 14:14:43', '2020-07-27 14:14:43'),
(513, 37, '2020-06-22', '2020-07-27 14:14:43', '2020-07-27 14:14:43'),
(514, 37, '2020-01-25', '2020-07-27 14:14:43', '2020-07-27 14:14:43'),
(515, 37, '2020-07-07', '2020-07-27 14:14:43', '2020-07-27 14:14:43'),
(516, 37, '2020-05-03', '2020-07-27 14:14:43', '2020-07-27 14:14:43'),
(517, 37, '2020-04-01', '2020-07-27 14:14:43', '2020-07-27 14:14:43'),
(518, 37, '2020-02-07', '2020-07-27 14:14:43', '2020-07-27 14:14:43'),
(519, 37, '2020-05-13', '2020-07-27 14:14:43', '2020-07-27 14:14:43'),
(520, 37, '2020-01-11', '2020-07-27 14:14:43', '2020-07-27 14:14:43'),
(521, 37, '2020-05-15', '2020-07-27 14:14:43', '2020-07-27 14:14:43'),
(522, 37, '2020-07-04', '2020-07-27 14:14:43', '2020-07-27 14:14:43'),
(523, 37, '2020-06-11', '2020-07-27 14:14:43', '2020-07-27 14:14:43'),
(524, 37, '2020-01-20', '2020-07-27 14:14:43', '2020-07-27 14:14:43'),
(525, 37, '2020-06-05', '2020-07-27 14:14:43', '2020-07-27 14:14:43'),
(526, 37, '2020-04-22', '2020-07-27 14:14:43', '2020-07-27 14:14:43'),
(527, 37, '2020-02-23', '2020-07-27 14:14:43', '2020-07-27 14:14:43'),
(528, 37, '2020-06-04', '2020-07-27 14:14:43', '2020-07-27 14:14:43'),
(529, 37, '2020-05-14', '2020-07-27 14:14:43', '2020-07-27 14:14:43'),
(530, 37, '2020-03-26', '2020-07-27 14:14:43', '2020-07-27 14:14:43'),
(531, 37, '2020-05-06', '2020-07-27 14:14:43', '2020-07-27 14:14:43'),
(532, 37, '2020-04-25', '2020-07-27 14:14:43', '2020-07-27 14:14:43'),
(533, 37, '2020-04-17', '2020-07-27 14:14:43', '2020-07-27 14:14:43'),
(534, 37, '2020-04-05', '2020-07-27 14:14:43', '2020-07-27 14:14:43'),
(535, 37, '2020-04-28', '2020-07-27 14:14:43', '2020-07-27 14:14:43'),
(536, 37, '2020-01-03', '2020-07-27 14:14:43', '2020-07-27 14:14:43'),
(537, 37, '2020-02-26', '2020-07-27 14:14:43', '2020-07-27 14:14:43'),
(538, 37, '2020-03-15', '2020-07-27 14:14:43', '2020-07-27 14:14:43'),
(539, 37, '2020-06-17', '2020-07-27 14:14:43', '2020-07-27 14:14:43'),
(540, 37, '2020-07-27', '2020-07-27 14:14:43', '2020-07-27 14:14:43'),
(541, 37, '2020-05-02', '2020-07-27 14:14:43', '2020-07-27 14:14:43'),
(542, 37, '2020-07-04', '2020-07-27 14:14:43', '2020-07-27 14:14:43'),
(543, 37, '2020-06-01', '2020-07-27 14:14:43', '2020-07-27 14:14:43'),
(544, 37, '2020-02-19', '2020-07-27 14:14:43', '2020-07-27 14:14:43'),
(545, 37, '2020-05-06', '2020-07-27 14:14:43', '2020-07-27 14:14:43'),
(546, 37, '2020-05-27', '2020-07-27 14:14:43', '2020-07-27 14:14:43'),
(547, 37, '2020-07-24', '2020-07-27 14:14:43', '2020-07-27 14:14:43'),
(548, 37, '2020-06-12', '2020-07-27 14:14:43', '2020-07-27 14:14:43'),
(549, 37, '2020-01-02', '2020-07-27 14:14:43', '2020-07-27 14:14:43'),
(550, 37, '2020-04-14', '2020-07-27 14:14:43', '2020-07-27 14:14:43'),
(551, 37, '2020-01-19', '2020-07-27 14:14:43', '2020-07-27 14:14:43'),
(552, 37, '2020-07-11', '2020-07-27 14:14:43', '2020-07-27 14:14:43'),
(553, 37, '2020-04-27', '2020-07-27 14:14:43', '2020-07-27 14:14:43'),
(554, 37, '2020-07-21', '2020-07-27 14:14:43', '2020-07-27 14:14:43'),
(555, 37, '2020-06-11', '2020-07-27 14:14:43', '2020-07-27 14:14:43'),
(556, 37, '2020-01-20', '2020-07-27 14:14:44', '2020-07-27 14:14:44'),
(557, 37, '2020-07-02', '2020-07-27 14:14:44', '2020-07-27 14:14:44'),
(558, 37, '2020-02-27', '2020-07-27 14:14:44', '2020-07-27 14:14:44'),
(559, 37, '2020-05-21', '2020-07-27 14:14:44', '2020-07-27 14:14:44'),
(560, 37, '2020-05-17', '2020-07-27 14:14:44', '2020-07-27 14:14:44'),
(561, 37, '2020-02-15', '2020-07-27 14:14:44', '2020-07-27 14:14:44'),
(562, 37, '2020-01-06', '2020-07-27 14:14:44', '2020-07-27 14:14:44'),
(563, 37, '2020-01-01', '2020-07-27 14:14:44', '2020-07-27 14:14:44'),
(564, 37, '2020-06-13', '2020-07-27 14:14:44', '2020-07-27 14:14:44'),
(565, 37, '2020-06-19', '2020-07-27 14:14:44', '2020-07-27 14:14:44'),
(566, 37, '2020-04-19', '2020-07-27 14:14:44', '2020-07-27 14:14:44'),
(567, 37, '2020-01-28', '2020-07-27 14:14:44', '2020-07-27 14:14:44'),
(568, 37, '2020-07-17', '2020-07-27 14:14:44', '2020-07-27 14:14:44'),
(569, 37, '2020-07-11', '2020-07-27 14:14:44', '2020-07-27 14:14:44'),
(570, 37, '2020-07-11', '2020-07-27 14:14:44', '2020-07-27 14:14:44'),
(571, 37, '2020-06-10', '2020-07-27 14:14:44', '2020-07-27 14:14:44'),
(572, 37, '2020-02-21', '2020-07-27 14:14:44', '2020-07-27 14:14:44'),
(573, 37, '2020-06-08', '2020-07-27 14:14:44', '2020-07-27 14:14:44'),
(574, 37, '2020-06-01', '2020-07-27 14:14:44', '2020-07-27 14:14:44'),
(575, 37, '2020-01-27', '2020-07-27 14:14:44', '2020-07-27 14:14:44'),
(576, 37, '2020-03-22', '2020-07-27 14:14:44', '2020-07-27 14:14:44'),
(577, 37, '2020-06-14', '2020-07-27 14:14:44', '2020-07-27 14:14:44'),
(578, 37, '2020-05-02', '2020-07-27 14:14:44', '2020-07-27 14:14:44'),
(579, 37, '2020-03-11', '2020-07-27 14:14:44', '2020-07-27 14:14:44'),
(580, 37, '2020-02-16', '2020-07-27 14:14:44', '2020-07-27 14:14:44'),
(581, 37, '2020-07-10', '2020-07-27 14:14:44', '2020-07-27 14:14:44'),
(582, 37, '2020-02-23', '2020-07-27 14:14:44', '2020-07-27 14:14:44'),
(583, 37, '2020-01-07', '2020-07-27 14:14:44', '2020-07-27 14:14:44'),
(584, 37, '2020-04-01', '2020-07-27 14:14:44', '2020-07-27 14:14:44'),
(585, 37, '2020-06-15', '2020-07-27 14:14:44', '2020-07-27 14:14:44'),
(586, 37, '2020-05-01', '2020-07-27 14:14:44', '2020-07-27 14:14:44'),
(587, 37, '2020-05-01', '2020-07-27 14:14:44', '2020-07-27 14:14:44'),
(588, 37, '2020-05-12', '2020-07-27 14:14:44', '2020-07-27 14:14:44'),
(589, 37, '2020-07-01', '2020-07-27 14:14:44', '2020-07-27 14:14:44'),
(590, 37, '2020-04-22', '2020-07-27 14:14:44', '2020-07-27 14:14:44'),
(591, 37, '2020-02-16', '2020-07-27 14:14:44', '2020-07-27 14:14:44'),
(592, 37, '2020-07-18', '2020-07-27 14:14:44', '2020-07-27 14:14:44'),
(593, 37, '2020-03-08', '2020-07-27 14:14:44', '2020-07-27 14:14:44'),
(594, 37, '2020-03-10', '2020-07-27 14:14:44', '2020-07-27 14:14:44'),
(595, 37, '2020-04-01', '2020-07-27 14:14:44', '2020-07-27 14:14:44'),
(596, 37, '2020-02-13', '2020-07-27 14:14:44', '2020-07-27 14:14:44'),
(597, 37, '2020-06-08', '2020-07-27 14:14:44', '2020-07-27 14:14:44'),
(598, 37, '2020-02-18', '2020-07-27 14:14:44', '2020-07-27 14:14:44'),
(599, 37, '2020-07-05', '2020-07-27 14:14:44', '2020-07-27 14:14:44'),
(600, 37, '2020-05-29', '2020-07-27 14:14:44', '2020-07-27 14:14:44'),
(601, 37, '2020-04-11', '2020-07-27 14:14:44', '2020-07-27 14:14:44'),
(602, 37, '2020-05-06', '2020-07-27 14:14:44', '2020-07-27 14:14:44'),
(603, 37, '2020-04-20', '2020-07-27 14:14:44', '2020-07-27 14:14:44'),
(604, 37, '2020-05-14', '2020-07-27 14:14:44', '2020-07-27 14:14:44'),
(605, 37, '2020-02-01', '2020-07-27 14:14:44', '2020-07-27 14:14:44'),
(606, 37, '2020-02-22', '2020-07-27 14:14:44', '2020-07-27 14:14:44'),
(607, 37, '2020-01-09', '2020-07-27 14:14:44', '2020-07-27 14:14:44'),
(608, 37, '2020-03-18', '2020-07-27 14:14:44', '2020-07-27 14:14:44'),
(609, 37, '2020-04-19', '2020-07-27 14:14:44', '2020-07-27 14:14:44'),
(610, 37, '2020-04-29', '2020-07-27 14:14:44', '2020-07-27 14:14:44'),
(611, 37, '2020-03-03', '2020-07-27 14:14:44', '2020-07-27 14:14:44'),
(612, 37, '2020-07-29', '2020-07-27 14:14:44', '2020-07-27 14:14:44'),
(613, 37, '2020-07-26', '2020-07-27 14:14:44', '2020-07-27 14:14:44'),
(614, 37, '2020-03-19', '2020-07-27 14:14:44', '2020-07-27 14:14:44'),
(615, 37, '2020-04-01', '2020-07-27 14:14:44', '2020-07-27 14:14:44'),
(616, 37, '2020-07-13', '2020-07-27 14:14:44', '2020-07-27 14:14:44'),
(617, 37, '2020-02-19', '2020-07-27 14:14:44', '2020-07-27 14:14:44'),
(618, 37, '2020-07-09', '2020-07-27 14:14:44', '2020-07-27 14:14:44'),
(619, 37, '2020-02-28', '2020-07-27 14:14:44', '2020-07-27 14:14:44'),
(620, 37, '2020-02-24', '2020-07-27 14:14:44', '2020-07-27 14:14:44'),
(621, 37, '2020-01-11', '2020-07-27 14:14:44', '2020-07-27 14:14:44'),
(622, 37, '2020-03-29', '2020-07-27 14:14:44', '2020-07-27 14:14:44'),
(623, 37, '2020-02-07', '2020-07-27 14:14:44', '2020-07-27 14:14:44'),
(624, 37, '2020-07-24', '2020-07-27 14:14:44', '2020-07-27 14:14:44'),
(625, 37, '2020-04-20', '2020-07-27 14:14:44', '2020-07-27 14:14:44'),
(626, 37, '2020-04-12', '2020-07-27 14:14:44', '2020-07-27 14:14:44'),
(627, 37, '2020-07-20', '2020-07-27 14:14:44', '2020-07-27 14:14:44'),
(628, 37, '2020-02-15', '2020-07-27 14:14:44', '2020-07-27 14:14:44'),
(629, 37, '2020-07-07', '2020-07-27 14:14:44', '2020-07-27 14:14:44'),
(630, 37, '2020-04-11', '2020-07-27 14:14:44', '2020-07-27 14:14:44'),
(631, 37, '2020-01-11', '2020-07-27 14:14:44', '2020-07-27 14:14:44'),
(632, 37, '2020-02-29', '2020-07-27 14:14:44', '2020-07-27 14:14:44'),
(633, 37, '2020-02-25', '2020-07-27 14:14:44', '2020-07-27 14:14:44'),
(634, 37, '2020-02-01', '2020-07-27 14:14:44', '2020-07-27 14:14:44'),
(635, 37, '2020-07-01', '2020-07-27 14:14:44', '2020-07-27 14:14:44'),
(636, 37, '2020-06-01', '2020-07-27 14:14:44', '2020-07-27 14:14:44'),
(637, 37, '2020-07-09', '2020-07-27 14:14:44', '2020-07-27 14:14:44'),
(638, 37, '2020-07-17', '2020-07-27 14:14:44', '2020-07-27 14:14:44'),
(639, 37, '2020-06-24', '2020-07-27 14:14:44', '2020-07-27 14:14:44'),
(640, 37, '2020-02-29', '2020-07-27 14:14:44', '2020-07-27 14:14:44'),
(641, 37, '2020-03-13', '2020-07-27 14:14:44', '2020-07-27 14:14:44'),
(642, 37, '2020-06-04', '2020-07-27 14:14:44', '2020-07-27 14:14:44'),
(643, 37, '2020-07-23', '2020-07-27 14:14:44', '2020-07-27 14:14:44'),
(644, 37, '2020-04-16', '2020-07-27 14:14:44', '2020-07-27 14:14:44'),
(645, 37, '2020-06-06', '2020-07-27 14:14:44', '2020-07-27 14:14:44'),
(646, 37, '2020-06-15', '2020-07-27 14:14:44', '2020-07-27 14:14:44'),
(647, 37, '2020-02-16', '2020-07-27 14:14:44', '2020-07-27 14:14:44'),
(648, 37, '2020-07-20', '2020-07-27 14:14:44', '2020-07-27 14:14:44'),
(649, 37, '2020-06-18', '2020-07-27 14:14:44', '2020-07-27 14:14:44'),
(650, 37, '2020-03-19', '2020-07-27 14:14:44', '2020-07-27 14:14:44'),
(651, 37, '2020-03-16', '2020-07-27 14:14:44', '2020-07-27 14:14:44'),
(652, 37, '2020-01-29', '2020-07-27 14:14:44', '2020-07-27 14:14:44'),
(653, 37, '2020-07-13', '2020-07-27 14:14:44', '2020-07-27 14:14:44'),
(654, 37, '2020-01-08', '2020-07-27 14:14:44', '2020-07-27 14:14:44'),
(655, 37, '2020-02-20', '2020-07-27 14:14:44', '2020-07-27 14:14:44'),
(656, 37, '2020-02-18', '2020-07-27 14:14:44', '2020-07-27 14:14:44'),
(657, 37, '2020-05-05', '2020-07-27 14:14:44', '2020-07-27 14:14:44'),
(658, 37, '2020-06-19', '2020-07-27 14:14:44', '2020-07-27 14:14:44'),
(659, 37, '2020-01-01', '2020-07-27 14:14:44', '2020-07-27 14:14:44'),
(660, 37, '2020-05-21', '2020-07-27 14:14:44', '2020-07-27 14:14:44'),
(661, 37, '2020-04-05', '2020-07-27 14:14:44', '2020-07-27 14:14:44'),
(662, 37, '2020-05-10', '2020-07-27 14:14:44', '2020-07-27 14:14:44'),
(663, 37, '2020-02-09', '2020-07-27 14:14:44', '2020-07-27 14:14:44'),
(664, 37, '2020-02-16', '2020-07-27 14:14:44', '2020-07-27 14:14:44'),
(665, 37, '2020-01-11', '2020-07-27 14:14:44', '2020-07-27 14:14:44'),
(666, 37, '2020-03-27', '2020-07-27 14:14:44', '2020-07-27 14:14:44'),
(667, 37, '2020-03-29', '2020-07-27 14:14:44', '2020-07-27 14:14:44'),
(668, 37, '2020-03-11', '2020-07-27 14:14:44', '2020-07-27 14:14:44'),
(669, 37, '2020-05-22', '2020-07-27 14:14:44', '2020-07-27 14:14:44'),
(670, 37, '2020-01-22', '2020-07-27 14:14:44', '2020-07-27 14:14:44'),
(671, 37, '2020-05-03', '2020-07-27 14:14:44', '2020-07-27 14:14:44'),
(672, 37, '2020-01-12', '2020-07-27 14:14:44', '2020-07-27 14:14:44'),
(673, 37, '2020-01-08', '2020-07-27 14:14:44', '2020-07-27 14:14:44'),
(674, 37, '2020-06-17', '2020-07-27 14:14:44', '2020-07-27 14:14:44'),
(675, 37, '2020-03-05', '2020-07-27 14:14:44', '2020-07-27 14:14:44'),
(676, 37, '2020-05-15', '2020-07-27 14:14:44', '2020-07-27 14:14:44'),
(677, 37, '2020-06-20', '2020-07-27 14:14:44', '2020-07-27 14:14:44'),
(678, 37, '2020-03-05', '2020-07-27 14:14:44', '2020-07-27 14:14:44'),
(679, 37, '2020-05-06', '2020-07-27 14:14:44', '2020-07-27 14:14:44'),
(680, 37, '2020-06-11', '2020-07-27 14:14:44', '2020-07-27 14:14:44'),
(681, 37, '2020-07-29', '2020-07-27 14:14:44', '2020-07-27 14:14:44'),
(682, 37, '2020-03-24', '2020-07-27 14:14:44', '2020-07-27 14:14:44'),
(683, 37, '2020-06-11', '2020-07-27 14:14:44', '2020-07-27 14:14:44'),
(684, 37, '2020-05-28', '2020-07-27 14:14:44', '2020-07-27 14:14:44'),
(685, 37, '2020-01-29', '2020-07-27 14:14:44', '2020-07-27 14:14:44'),
(686, 37, '2020-01-04', '2020-07-27 14:14:44', '2020-07-27 14:14:44'),
(687, 37, '2020-06-06', '2020-07-27 14:14:44', '2020-07-27 14:14:44'),
(688, 37, '2020-02-24', '2020-07-27 14:14:44', '2020-07-27 14:14:44'),
(689, 37, '2020-02-15', '2020-07-27 14:14:44', '2020-07-27 14:14:44'),
(690, 37, '2020-05-03', '2020-07-27 14:14:44', '2020-07-27 14:14:44'),
(691, 37, '2020-02-08', '2020-07-27 14:14:44', '2020-07-27 14:14:44'),
(692, 37, '2020-06-14', '2020-07-27 14:14:44', '2020-07-27 14:14:44'),
(693, 37, '2020-04-07', '2020-07-27 14:14:44', '2020-07-27 14:14:44'),
(694, 37, '2020-06-23', '2020-07-27 14:14:44', '2020-07-27 14:14:44'),
(695, 37, '2020-02-01', '2020-07-27 14:14:44', '2020-07-27 14:14:44'),
(696, 37, '2020-03-08', '2020-07-27 14:14:44', '2020-07-27 14:14:44'),
(697, 37, '2020-03-02', '2020-07-27 14:14:44', '2020-07-27 14:14:44'),
(698, 37, '2020-05-16', '2020-07-27 14:14:44', '2020-07-27 14:14:44'),
(699, 37, '2020-06-28', '2020-07-27 14:14:44', '2020-07-27 14:14:44'),
(700, 37, '2020-07-23', '2020-07-27 14:14:44', '2020-07-27 14:14:44'),
(701, 37, '2020-04-01', '2020-07-27 14:14:44', '2020-07-27 14:14:44'),
(702, 37, '2020-05-17', '2020-07-27 14:14:44', '2020-07-27 14:14:44'),
(703, 37, '2020-02-26', '2020-07-27 14:14:44', '2020-07-27 14:14:44'),
(704, 37, '2020-05-06', '2020-07-27 14:14:44', '2020-07-27 14:14:44'),
(705, 37, '2020-03-12', '2020-07-27 14:14:44', '2020-07-27 14:14:44'),
(706, 37, '2020-02-02', '2020-07-27 14:14:44', '2020-07-27 14:14:44'),
(707, 37, '2020-02-01', '2020-07-27 14:14:44', '2020-07-27 14:14:44'),
(708, 37, '2020-07-06', '2020-07-27 14:14:44', '2020-07-27 14:14:44'),
(709, 37, '2020-01-09', '2020-07-27 14:14:44', '2020-07-27 14:14:44'),
(710, 37, '2020-07-12', '2020-07-27 14:14:44', '2020-07-27 14:14:44'),
(711, 37, '2020-02-11', '2020-07-27 14:14:44', '2020-07-27 14:14:44'),
(712, 37, '2020-02-03', '2020-07-27 14:14:44', '2020-07-27 14:14:44'),
(713, 37, '2020-03-22', '2020-07-27 14:14:44', '2020-07-27 14:14:44'),
(714, 37, '2020-06-27', '2020-07-27 14:14:44', '2020-07-27 14:14:44'),
(715, 37, '2020-05-20', '2020-07-27 14:14:44', '2020-07-27 14:14:44'),
(716, 37, '2020-02-13', '2020-07-27 14:14:44', '2020-07-27 14:14:44'),
(717, 37, '2020-05-11', '2020-07-27 14:14:44', '2020-07-27 14:14:44'),
(718, 37, '2020-02-12', '2020-07-27 14:14:44', '2020-07-27 14:14:44'),
(719, 37, '2020-05-10', '2020-07-27 14:14:44', '2020-07-27 14:14:44'),
(720, 37, '2020-06-26', '2020-07-27 14:14:44', '2020-07-27 14:14:44'),
(721, 37, '2020-04-05', '2020-07-27 14:14:44', '2020-07-27 14:14:44'),
(722, 37, '2020-03-08', '2020-07-27 14:14:44', '2020-07-27 14:14:44'),
(723, 37, '2020-04-09', '2020-07-27 14:14:44', '2020-07-27 14:14:44'),
(724, 37, '2020-03-22', '2020-07-27 14:14:44', '2020-07-27 14:14:44'),
(725, 37, '2020-01-15', '2020-07-27 14:14:44', '2020-07-27 14:14:44'),
(726, 37, '2020-04-12', '2020-07-27 14:14:44', '2020-07-27 14:14:44'),
(727, 37, '2020-04-15', '2020-07-27 14:14:44', '2020-07-27 14:14:44'),
(728, 37, '2020-02-23', '2020-07-27 14:14:44', '2020-07-27 14:14:44'),
(729, 37, '2020-03-29', '2020-07-27 14:14:44', '2020-07-27 14:14:44'),
(730, 37, '2020-02-03', '2020-07-27 14:14:44', '2020-07-27 14:14:44'),
(731, 37, '2020-05-28', '2020-07-27 14:14:44', '2020-07-27 14:14:44'),
(732, 37, '2020-02-29', '2020-07-27 14:14:44', '2020-07-27 14:14:44'),
(733, 37, '2020-01-22', '2020-07-27 14:14:44', '2020-07-27 14:14:44'),
(734, 37, '2020-05-03', '2020-07-27 14:14:44', '2020-07-27 14:14:44'),
(735, 37, '2020-03-09', '2020-07-27 14:14:44', '2020-07-27 14:14:44'),
(736, 37, '2020-04-21', '2020-07-27 14:14:44', '2020-07-27 14:14:44'),
(737, 37, '2020-05-06', '2020-07-27 14:14:44', '2020-07-27 14:14:44'),
(738, 37, '2020-06-23', '2020-07-27 14:14:44', '2020-07-27 14:14:44'),
(739, 37, '2020-05-13', '2020-07-27 14:14:44', '2020-07-27 14:14:44'),
(740, 37, '2020-04-03', '2020-07-27 14:14:44', '2020-07-27 14:14:44'),
(741, 37, '2020-06-15', '2020-07-27 14:14:44', '2020-07-27 14:14:44'),
(742, 37, '2020-01-04', '2020-07-27 14:14:44', '2020-07-27 14:14:44'),
(743, 37, '2020-04-04', '2020-07-27 14:14:44', '2020-07-27 14:14:44'),
(744, 37, '2020-02-01', '2020-07-27 14:14:44', '2020-07-27 14:14:44'),
(745, 37, '2020-02-24', '2020-07-27 14:14:44', '2020-07-27 14:14:44'),
(746, 37, '2020-07-03', '2020-07-27 14:14:44', '2020-07-27 14:14:44'),
(747, 37, '2020-02-08', '2020-07-27 14:14:44', '2020-07-27 14:14:44'),
(748, 37, '2020-03-06', '2020-07-27 14:14:44', '2020-07-27 14:14:44'),
(749, 37, '2020-04-29', '2020-07-27 14:14:44', '2020-07-27 14:14:44'),
(750, 37, '2020-04-29', '2020-07-27 14:14:44', '2020-07-27 14:14:44'),
(751, 37, '2020-05-14', '2020-07-27 14:14:44', '2020-07-27 14:14:44'),
(752, 37, '2020-01-23', '2020-07-27 14:14:44', '2020-07-27 14:14:44'),
(753, 37, '2020-06-17', '2020-07-27 14:14:44', '2020-07-27 14:14:44'),
(754, 37, '2020-02-17', '2020-07-27 14:14:44', '2020-07-27 14:14:44'),
(755, 37, '2020-03-06', '2020-07-27 14:14:44', '2020-07-27 14:14:44'),
(756, 37, '2020-07-09', '2020-07-27 14:14:44', '2020-07-27 14:14:44'),
(757, 37, '2020-05-20', '2020-07-27 14:14:44', '2020-07-27 14:14:44'),
(758, 37, '2020-01-12', '2020-07-27 14:14:44', '2020-07-27 14:14:44'),
(759, 37, '2020-05-13', '2020-07-27 14:14:44', '2020-07-27 14:14:44'),
(760, 37, '2020-01-21', '2020-07-27 14:14:44', '2020-07-27 14:14:44'),
(761, 37, '2020-03-21', '2020-07-27 14:14:44', '2020-07-27 14:14:44'),
(762, 37, '2020-06-27', '2020-07-27 14:14:44', '2020-07-27 14:14:44'),
(763, 37, '2020-07-23', '2020-07-27 14:14:44', '2020-07-27 14:14:44'),
(764, 37, '2020-01-27', '2020-07-27 14:14:44', '2020-07-27 14:14:44'),
(765, 37, '2020-04-21', '2020-07-27 14:14:44', '2020-07-27 14:14:44'),
(766, 37, '2020-01-26', '2020-07-27 14:14:44', '2020-07-27 14:14:44'),
(767, 37, '2020-02-14', '2020-07-27 14:14:44', '2020-07-27 14:14:44'),
(768, 37, '2020-06-07', '2020-07-27 14:14:44', '2020-07-27 14:14:44'),
(769, 37, '2020-03-24', '2020-07-27 14:14:44', '2020-07-27 14:14:44'),
(770, 37, '2020-04-29', '2020-07-27 14:14:44', '2020-07-27 14:14:44'),
(771, 37, '2020-03-13', '2020-07-27 14:14:44', '2020-07-27 14:14:44'),
(772, 37, '2020-07-20', '2020-07-27 14:14:44', '2020-07-27 14:14:44'),
(773, 37, '2020-07-25', '2020-07-27 14:14:44', '2020-07-27 14:14:44'),
(774, 37, '2020-03-27', '2020-07-27 14:14:44', '2020-07-27 14:14:44'),
(775, 37, '2020-06-03', '2020-07-27 14:14:44', '2020-07-27 14:14:44'),
(776, 37, '2020-03-09', '2020-07-27 14:14:44', '2020-07-27 14:14:44'),
(777, 37, '2020-03-01', '2020-07-27 14:14:44', '2020-07-27 14:14:44'),
(778, 37, '2020-01-13', '2020-07-27 14:14:44', '2020-07-27 14:14:44'),
(779, 37, '2020-03-23', '2020-07-27 14:14:44', '2020-07-27 14:14:44'),
(780, 37, '2020-06-04', '2020-07-27 14:14:44', '2020-07-27 14:14:44'),
(781, 37, '2020-07-01', '2020-07-27 14:14:44', '2020-07-27 14:14:44'),
(782, 37, '2020-07-04', '2020-07-27 14:14:44', '2020-07-27 14:14:44'),
(783, 37, '2020-06-10', '2020-07-27 14:14:44', '2020-07-27 14:14:44'),
(784, 37, '2020-04-04', '2020-07-27 14:14:44', '2020-07-27 14:14:44'),
(785, 37, '2020-05-21', '2020-07-27 14:14:44', '2020-07-27 14:14:44'),
(786, 37, '2020-01-03', '2020-07-27 14:14:44', '2020-07-27 14:14:44'),
(787, 37, '2020-07-13', '2020-07-27 14:14:44', '2020-07-27 14:14:44'),
(788, 37, '2020-01-06', '2020-07-27 14:14:44', '2020-07-27 14:14:44'),
(789, 37, '2020-02-27', '2020-07-27 14:14:44', '2020-07-27 14:14:44'),
(790, 37, '2020-02-15', '2020-07-27 14:14:44', '2020-07-27 14:14:44'),
(791, 37, '2020-01-17', '2020-07-27 14:14:44', '2020-07-27 14:14:44'),
(792, 37, '2020-07-20', '2020-07-27 14:14:44', '2020-07-27 14:14:44'),
(793, 37, '2020-03-18', '2020-07-27 14:14:44', '2020-07-27 14:14:44'),
(794, 37, '2020-06-25', '2020-07-27 14:14:44', '2020-07-27 14:14:44'),
(795, 37, '2020-05-19', '2020-07-27 14:14:44', '2020-07-27 14:14:44'),
(796, 37, '2020-06-10', '2020-07-27 14:14:44', '2020-07-27 14:14:44'),
(797, 37, '2020-05-04', '2020-07-27 14:14:44', '2020-07-27 14:14:44'),
(798, 37, '2020-05-19', '2020-07-27 14:14:44', '2020-07-27 14:14:44'),
(799, 37, '2020-04-17', '2020-07-27 14:14:44', '2020-07-27 14:14:44'),
(800, 37, '2020-03-28', '2020-07-27 14:14:44', '2020-07-27 14:14:44'),
(801, 37, '2020-01-28', '2020-07-27 14:14:44', '2020-07-27 14:14:44'),
(802, 37, '2020-03-26', '2020-07-27 14:14:44', '2020-07-27 14:14:44'),
(803, 37, '2020-01-03', '2020-07-27 14:14:44', '2020-07-27 14:14:44'),
(804, 37, '2020-05-14', '2020-07-27 14:14:44', '2020-07-27 14:14:44'),
(805, 37, '2020-05-07', '2020-07-27 14:14:44', '2020-07-27 14:14:44'),
(806, 37, '2020-01-09', '2020-07-27 14:14:44', '2020-07-27 14:14:44'),
(807, 37, '2020-06-21', '2020-07-27 14:14:44', '2020-07-27 14:14:44'),
(808, 37, '2020-07-07', '2020-07-27 14:14:44', '2020-07-27 14:14:44'),
(809, 37, '2020-03-27', '2020-07-27 14:14:44', '2020-07-27 14:14:44'),
(810, 37, '2020-04-29', '2020-07-27 14:14:44', '2020-07-27 14:14:44'),
(811, 37, '2020-04-24', '2020-07-27 14:14:44', '2020-07-27 14:14:44'),
(812, 37, '2020-01-05', '2020-07-27 14:14:44', '2020-07-27 14:14:44'),
(813, 37, '2020-04-04', '2020-07-27 14:14:44', '2020-07-27 14:14:44'),
(814, 37, '2020-04-28', '2020-07-27 14:14:44', '2020-07-27 14:14:44'),
(815, 37, '2020-01-19', '2020-07-27 14:14:44', '2020-07-27 14:14:44'),
(816, 37, '2020-01-08', '2020-07-27 14:14:44', '2020-07-27 14:14:44'),
(817, 37, '2020-04-20', '2020-07-27 14:14:44', '2020-07-27 14:14:44'),
(818, 37, '2020-04-22', '2020-07-27 14:14:44', '2020-07-27 14:14:44'),
(819, 37, '2020-01-17', '2020-07-27 14:14:44', '2020-07-27 14:14:44'),
(820, 37, '2020-02-24', '2020-07-27 14:14:44', '2020-07-27 14:14:44'),
(821, 37, '2020-05-13', '2020-07-27 14:14:44', '2020-07-27 14:14:44'),
(822, 37, '2020-07-20', '2020-07-27 14:14:44', '2020-07-27 14:14:44'),
(823, 37, '2020-06-21', '2020-07-27 14:14:44', '2020-07-27 14:14:44'),
(824, 37, '2020-03-04', '2020-07-27 14:14:44', '2020-07-27 14:14:44'),
(825, 37, '2020-01-25', '2020-07-27 14:14:44', '2020-07-27 14:14:44'),
(826, 37, '2020-07-16', '2020-07-27 14:14:44', '2020-07-27 14:14:44'),
(827, 37, '2020-01-15', '2020-07-27 14:14:44', '2020-07-27 14:14:44'),
(828, 37, '2020-06-02', '2020-07-27 14:14:44', '2020-07-27 14:14:44'),
(829, 37, '2020-02-01', '2020-07-27 14:14:44', '2020-07-27 14:14:44'),
(830, 37, '2020-02-26', '2020-07-27 14:14:44', '2020-07-27 14:14:44'),
(831, 37, '2020-01-26', '2020-07-27 14:14:44', '2020-07-27 14:14:44'),
(832, 37, '2020-04-21', '2020-07-27 14:14:44', '2020-07-27 14:14:44'),
(833, 37, '2020-03-26', '2020-07-27 14:14:44', '2020-07-27 14:14:44'),
(834, 37, '2020-07-20', '2020-07-27 14:14:44', '2020-07-27 14:14:44'),
(835, 37, '2020-02-17', '2020-07-27 14:14:44', '2020-07-27 14:14:44'),
(836, 37, '2020-07-20', '2020-07-27 14:14:44', '2020-07-27 14:14:44'),
(837, 37, '2020-06-27', '2020-07-27 14:14:44', '2020-07-27 14:14:44'),
(838, 37, '2020-06-25', '2020-07-27 14:14:44', '2020-07-27 14:14:44'),
(839, 37, '2020-07-26', '2020-07-27 14:14:44', '2020-07-27 14:14:44'),
(840, 37, '2020-07-16', '2020-07-27 14:14:44', '2020-07-27 14:14:44'),
(841, 37, '2020-04-21', '2020-07-27 14:14:44', '2020-07-27 14:14:44'),
(842, 37, '2020-06-02', '2020-07-27 14:14:44', '2020-07-27 14:14:44'),
(843, 37, '2020-03-17', '2020-07-27 14:14:44', '2020-07-27 14:14:44'),
(844, 37, '2020-04-06', '2020-07-27 14:14:44', '2020-07-27 14:14:44'),
(845, 37, '2020-04-01', '2020-07-27 14:14:44', '2020-07-27 14:14:44'),
(846, 37, '2020-01-11', '2020-07-27 14:14:44', '2020-07-27 14:14:44'),
(847, 37, '2020-07-19', '2020-07-27 14:14:44', '2020-07-27 14:14:44'),
(848, 37, '2020-03-14', '2020-07-27 14:14:44', '2020-07-27 14:14:44'),
(849, 37, '2020-02-11', '2020-07-27 14:14:44', '2020-07-27 14:14:44'),
(850, 37, '2020-05-04', '2020-07-27 14:14:44', '2020-07-27 14:14:44'),
(851, 37, '2020-03-04', '2020-07-27 14:14:44', '2020-07-27 14:14:44'),
(852, 37, '2020-03-02', '2020-07-27 14:14:44', '2020-07-27 14:14:44'),
(853, 37, '2020-03-23', '2020-07-27 14:14:44', '2020-07-27 14:14:44'),
(854, 37, '2020-02-23', '2020-07-27 14:14:44', '2020-07-27 14:14:44'),
(855, 37, '2020-04-16', '2020-07-27 14:14:44', '2020-07-27 14:14:44'),
(856, 37, '2020-06-01', '2020-07-27 14:14:44', '2020-07-27 14:14:44'),
(857, 37, '2020-01-05', '2020-07-27 14:14:44', '2020-07-27 14:14:44'),
(858, 37, '2020-03-29', '2020-07-27 14:14:44', '2020-07-27 14:14:44'),
(859, 37, '2020-06-08', '2020-07-27 14:14:44', '2020-07-27 14:14:44'),
(860, 37, '2020-03-06', '2020-07-27 14:14:44', '2020-07-27 14:14:44'),
(861, 37, '2020-03-26', '2020-07-27 14:14:44', '2020-07-27 14:14:44'),
(862, 37, '2020-02-07', '2020-07-27 14:14:44', '2020-07-27 14:14:44'),
(863, 37, '2020-06-06', '2020-07-27 14:14:44', '2020-07-27 14:14:44'),
(864, 37, '2020-04-29', '2020-07-27 14:14:44', '2020-07-27 14:14:44'),
(865, 37, '2020-07-06', '2020-07-27 14:14:44', '2020-07-27 14:14:44'),
(866, 37, '2020-03-11', '2020-07-27 14:14:44', '2020-07-27 14:14:44'),
(867, 37, '2020-04-29', '2020-07-27 14:14:44', '2020-07-27 14:14:44'),
(868, 37, '2020-05-24', '2020-07-27 14:14:44', '2020-07-27 14:14:44'),
(869, 37, '2020-03-27', '2020-07-27 14:14:44', '2020-07-27 14:14:44'),
(870, 37, '2020-05-08', '2020-07-27 14:14:44', '2020-07-27 14:14:44'),
(871, 37, '2020-01-11', '2020-07-27 14:14:44', '2020-07-27 14:14:44'),
(872, 37, '2020-05-04', '2020-07-27 14:14:44', '2020-07-27 14:14:44'),
(873, 37, '2020-04-05', '2020-07-27 14:14:44', '2020-07-27 14:14:44'),
(874, 37, '2020-07-05', '2020-07-27 14:14:44', '2020-07-27 14:14:44'),
(875, 37, '2020-06-19', '2020-07-27 14:14:44', '2020-07-27 14:14:44');
INSERT INTO `visits` (`id`, `place_id`, `date`, `created_at`, `updated_at`) VALUES
(876, 37, '2020-05-29', '2020-07-27 14:14:44', '2020-07-27 14:14:44'),
(877, 37, '2020-01-27', '2020-07-27 14:14:44', '2020-07-27 14:14:44'),
(878, 37, '2020-05-11', '2020-07-27 14:14:44', '2020-07-27 14:14:44'),
(879, 37, '2020-02-11', '2020-07-27 14:14:44', '2020-07-27 14:14:44'),
(880, 37, '2020-06-27', '2020-07-27 14:14:44', '2020-07-27 14:14:44'),
(881, 37, '2020-06-23', '2020-07-27 14:14:44', '2020-07-27 14:14:44'),
(882, 37, '2020-05-19', '2020-07-27 14:14:44', '2020-07-27 14:14:44'),
(883, 37, '2020-07-29', '2020-07-27 14:14:44', '2020-07-27 14:14:44'),
(884, 37, '2020-02-23', '2020-07-27 14:14:44', '2020-07-27 14:14:44'),
(885, 37, '2020-07-03', '2020-07-27 14:14:44', '2020-07-27 14:14:44'),
(886, 37, '2020-04-20', '2020-07-27 14:14:44', '2020-07-27 14:14:44'),
(887, 37, '2020-01-09', '2020-07-27 14:14:44', '2020-07-27 14:14:44'),
(888, 37, '2020-03-29', '2020-07-27 14:14:44', '2020-07-27 14:14:44'),
(889, 37, '2020-03-09', '2020-07-27 14:14:44', '2020-07-27 14:14:44'),
(890, 37, '2020-02-14', '2020-07-27 14:14:44', '2020-07-27 14:14:44'),
(891, 37, '2020-02-04', '2020-07-27 14:14:44', '2020-07-27 14:14:44'),
(892, 37, '2020-06-13', '2020-07-27 14:14:44', '2020-07-27 14:14:44'),
(893, 37, '2020-04-27', '2020-07-27 14:14:44', '2020-07-27 14:14:44'),
(894, 37, '2020-07-02', '2020-07-27 14:14:44', '2020-07-27 14:14:44'),
(895, 37, '2020-02-14', '2020-07-27 14:14:44', '2020-07-27 14:14:44'),
(896, 37, '2020-03-14', '2020-07-27 14:14:44', '2020-07-27 14:14:44'),
(897, 37, '2020-05-05', '2020-07-27 14:14:44', '2020-07-27 14:14:44'),
(898, 37, '2020-04-01', '2020-07-27 14:14:44', '2020-07-27 14:14:44'),
(899, 37, '2020-02-09', '2020-07-27 14:14:44', '2020-07-27 14:14:44'),
(900, 37, '2020-01-23', '2020-07-27 14:14:44', '2020-07-27 14:14:44'),
(901, 37, '2020-01-05', '2020-07-27 14:14:44', '2020-07-27 14:14:44'),
(902, 37, '2020-03-03', '2020-07-27 14:14:44', '2020-07-27 14:14:44'),
(903, 37, '2020-01-19', '2020-07-27 14:14:44', '2020-07-27 14:14:44'),
(904, 37, '2020-03-08', '2020-07-27 14:14:44', '2020-07-27 14:14:44'),
(905, 37, '2020-07-05', '2020-07-27 14:14:44', '2020-07-27 14:14:44'),
(906, 37, '2020-03-21', '2020-07-27 14:14:44', '2020-07-27 14:14:44'),
(907, 37, '2020-04-13', '2020-07-27 14:14:44', '2020-07-27 14:14:44'),
(908, 37, '2020-02-02', '2020-07-27 14:14:44', '2020-07-27 14:14:44'),
(909, 37, '2020-02-19', '2020-07-27 14:14:44', '2020-07-27 14:14:44'),
(910, 37, '2020-02-24', '2020-07-27 14:14:44', '2020-07-27 14:14:44'),
(911, 37, '2020-06-28', '2020-07-27 14:14:44', '2020-07-27 14:14:44'),
(912, 37, '2020-06-25', '2020-07-27 14:14:44', '2020-07-27 14:14:44'),
(913, 37, '2020-01-16', '2020-07-27 14:14:44', '2020-07-27 14:14:44'),
(914, 37, '2020-07-24', '2020-07-27 14:14:44', '2020-07-27 14:14:44'),
(915, 37, '2020-07-17', '2020-07-27 14:14:44', '2020-07-27 14:14:44'),
(916, 37, '2020-07-13', '2020-07-27 14:14:44', '2020-07-27 14:14:44'),
(917, 37, '2020-06-02', '2020-07-27 14:14:44', '2020-07-27 14:14:44'),
(918, 37, '2020-02-14', '2020-07-27 14:14:44', '2020-07-27 14:14:44'),
(919, 37, '2020-04-29', '2020-07-27 14:14:44', '2020-07-27 14:14:44'),
(920, 37, '2020-01-21', '2020-07-27 14:14:44', '2020-07-27 14:14:44'),
(921, 37, '2020-05-28', '2020-07-27 14:14:44', '2020-07-27 14:14:44'),
(922, 37, '2020-04-11', '2020-07-27 14:14:44', '2020-07-27 14:14:44'),
(923, 37, '2020-04-04', '2020-07-27 14:14:44', '2020-07-27 14:14:44'),
(924, 37, '2020-05-03', '2020-07-27 14:14:44', '2020-07-27 14:14:44'),
(925, 37, '2020-04-06', '2020-07-27 14:14:44', '2020-07-27 14:14:44'),
(926, 37, '2020-04-08', '2020-07-27 14:14:44', '2020-07-27 14:14:44'),
(927, 37, '2020-02-05', '2020-07-27 14:14:44', '2020-07-27 14:14:44'),
(928, 37, '2020-06-25', '2020-07-27 14:14:44', '2020-07-27 14:14:44'),
(929, 37, '2020-07-26', '2020-07-27 14:14:44', '2020-07-27 14:14:44'),
(930, 37, '2020-07-16', '2020-07-27 14:14:44', '2020-07-27 14:14:44'),
(931, 37, '2020-02-03', '2020-07-27 14:14:44', '2020-07-27 14:14:44'),
(932, 37, '2020-05-25', '2020-07-27 14:14:44', '2020-07-27 14:14:44'),
(933, 37, '2020-03-12', '2020-07-27 14:14:44', '2020-07-27 14:14:44'),
(934, 37, '2020-06-17', '2020-07-27 14:14:44', '2020-07-27 14:14:44'),
(935, 37, '2020-07-29', '2020-07-27 14:14:44', '2020-07-27 14:14:44'),
(936, 37, '2020-02-07', '2020-07-27 14:14:44', '2020-07-27 14:14:44'),
(937, 37, '2020-03-05', '2020-07-27 14:14:44', '2020-07-27 14:14:44'),
(938, 37, '2020-01-13', '2020-07-27 14:14:44', '2020-07-27 14:14:44'),
(939, 37, '2020-02-01', '2020-07-27 14:14:44', '2020-07-27 14:14:44'),
(940, 37, '2020-03-28', '2020-07-27 14:14:44', '2020-07-27 14:14:44'),
(941, 37, '2020-06-10', '2020-07-27 14:14:44', '2020-07-27 14:14:44'),
(942, 37, '2020-01-25', '2020-07-27 14:14:44', '2020-07-27 14:14:44'),
(943, 37, '2020-01-05', '2020-07-27 14:14:44', '2020-07-27 14:14:44'),
(944, 37, '2020-06-08', '2020-07-27 14:14:44', '2020-07-27 14:14:44'),
(945, 37, '2020-06-17', '2020-07-27 14:14:44', '2020-07-27 14:14:44'),
(946, 37, '2020-03-07', '2020-07-27 14:14:44', '2020-07-27 14:14:44'),
(947, 37, '2020-03-29', '2020-07-27 14:14:44', '2020-07-27 14:14:44'),
(948, 37, '2020-05-04', '2020-07-27 14:14:44', '2020-07-27 14:14:44'),
(949, 37, '2020-07-22', '2020-07-27 14:14:44', '2020-07-27 14:14:44'),
(950, 37, '2020-04-26', '2020-07-27 14:14:44', '2020-07-27 14:14:44'),
(951, 37, '2020-03-08', '2020-07-27 14:14:44', '2020-07-27 14:14:44'),
(952, 37, '2020-06-11', '2020-07-27 14:14:44', '2020-07-27 14:14:44'),
(953, 37, '2020-03-14', '2020-07-27 14:14:44', '2020-07-27 14:14:44'),
(954, 37, '2020-01-18', '2020-07-27 14:14:44', '2020-07-27 14:14:44'),
(955, 37, '2020-07-21', '2020-07-27 14:14:44', '2020-07-27 14:14:44'),
(956, 37, '2020-03-13', '2020-07-27 14:14:44', '2020-07-27 14:14:44'),
(957, 37, '2020-05-10', '2020-07-27 14:14:44', '2020-07-27 14:14:44'),
(958, 37, '2020-01-17', '2020-07-27 14:14:44', '2020-07-27 14:14:44'),
(959, 37, '2020-05-14', '2020-07-27 14:14:44', '2020-07-27 14:14:44'),
(960, 37, '2020-05-02', '2020-07-27 14:14:44', '2020-07-27 14:14:44'),
(961, 37, '2020-03-27', '2020-07-27 14:14:44', '2020-07-27 14:14:44'),
(962, 37, '2020-03-10', '2020-07-27 14:14:44', '2020-07-27 14:14:44'),
(963, 37, '2020-04-23', '2020-07-27 14:14:44', '2020-07-27 14:14:44'),
(964, 37, '2020-05-07', '2020-07-27 14:14:44', '2020-07-27 14:14:44'),
(965, 37, '2020-03-04', '2020-07-27 14:14:44', '2020-07-27 14:14:44'),
(966, 37, '2020-03-13', '2020-07-27 14:14:44', '2020-07-27 14:14:44'),
(967, 37, '2020-06-29', '2020-07-27 14:14:44', '2020-07-27 14:14:44'),
(968, 37, '2020-06-06', '2020-07-27 14:14:44', '2020-07-27 14:14:44'),
(969, 37, '2020-05-25', '2020-07-27 14:14:44', '2020-07-27 14:14:44'),
(970, 37, '2020-07-02', '2020-07-27 14:14:44', '2020-07-27 14:14:44'),
(971, 37, '2020-01-29', '2020-07-27 14:14:44', '2020-07-27 14:14:44'),
(972, 37, '2020-02-06', '2020-07-27 14:14:44', '2020-07-27 14:14:44'),
(973, 37, '2020-04-08', '2020-07-27 14:14:44', '2020-07-27 14:14:44'),
(974, 37, '2020-07-24', '2020-07-27 14:14:44', '2020-07-27 14:14:44'),
(975, 37, '2020-04-23', '2020-07-27 14:14:44', '2020-07-27 14:14:44'),
(976, 37, '2020-05-19', '2020-07-27 14:14:44', '2020-07-27 14:14:44'),
(977, 37, '2020-04-24', '2020-07-27 14:14:44', '2020-07-27 14:14:44'),
(978, 37, '2020-07-18', '2020-07-27 14:14:44', '2020-07-27 14:14:44'),
(979, 37, '2020-01-04', '2020-07-27 14:14:44', '2020-07-27 14:14:44'),
(980, 37, '2020-06-07', '2020-07-27 14:14:44', '2020-07-27 14:14:44'),
(981, 37, '2020-05-13', '2020-07-27 14:14:44', '2020-07-27 14:14:44'),
(982, 37, '2020-02-11', '2020-07-27 14:14:44', '2020-07-27 14:14:44'),
(983, 37, '2020-03-04', '2020-07-27 14:14:44', '2020-07-27 14:14:44'),
(984, 37, '2020-03-10', '2020-07-27 14:14:44', '2020-07-27 14:14:44'),
(985, 37, '2020-01-29', '2020-07-27 14:14:44', '2020-07-27 14:14:44'),
(986, 37, '2020-07-28', '2020-07-27 14:14:44', '2020-07-27 14:14:44'),
(987, 37, '2020-05-19', '2020-07-27 14:14:44', '2020-07-27 14:14:44'),
(988, 37, '2020-07-06', '2020-07-27 14:14:44', '2020-07-27 14:14:44'),
(989, 37, '2020-07-16', '2020-07-27 14:14:44', '2020-07-27 14:14:44'),
(990, 37, '2020-03-10', '2020-07-27 14:14:44', '2020-07-27 14:14:44'),
(991, 37, '2020-04-26', '2020-07-27 14:14:44', '2020-07-27 14:14:44'),
(992, 37, '2020-01-11', '2020-07-27 14:14:44', '2020-07-27 14:14:44'),
(993, 37, '2020-06-16', '2020-07-27 14:14:44', '2020-07-27 14:14:44'),
(994, 37, '2020-07-13', '2020-07-27 14:14:44', '2020-07-27 14:14:44'),
(995, 37, '2020-03-08', '2020-07-27 14:14:44', '2020-07-27 14:14:44'),
(996, 37, '2020-05-21', '2020-07-27 14:14:44', '2020-07-27 14:14:44'),
(997, 37, '2020-07-13', '2020-07-27 14:14:44', '2020-07-27 14:14:44'),
(998, 37, '2020-05-17', '2020-07-27 14:14:44', '2020-07-27 14:14:44'),
(999, 37, '2020-04-25', '2020-07-27 14:14:44', '2020-07-27 14:14:44'),
(1000, 37, '2020-05-14', '2020-07-27 14:14:44', '2020-07-27 14:14:44'),
(1001, 37, '2020-01-18', '2020-07-27 14:14:44', '2020-07-27 14:14:44'),
(1002, 37, '2020-03-28', '2020-07-27 14:14:44', '2020-07-27 14:14:44'),
(1003, 37, '2020-07-28', '2020-07-27 14:14:44', '2020-07-27 14:14:44'),
(1004, 37, '2020-03-21', '2020-07-27 14:14:44', '2020-07-27 14:14:44'),
(1005, 37, '2020-03-16', '2020-07-27 14:14:44', '2020-07-27 14:14:44'),
(1006, 37, '2020-05-15', '2020-07-27 14:14:44', '2020-07-27 14:14:44'),
(1007, 37, '2020-01-28', '2020-07-27 14:14:44', '2020-07-27 14:14:44'),
(1008, 37, '2020-06-24', '2020-07-27 14:14:44', '2020-07-27 14:14:44'),
(1009, 37, '2020-05-06', '2020-07-27 14:14:44', '2020-07-27 14:14:44'),
(1010, 37, '2020-07-18', '2020-07-27 14:14:44', '2020-07-27 14:14:44'),
(1011, 37, '2020-01-28', '2020-07-27 14:14:45', '2020-07-27 14:14:45'),
(1012, 37, '2020-06-11', '2020-07-27 14:14:45', '2020-07-27 14:14:45'),
(1013, 37, '2020-07-08', '2020-07-27 14:14:45', '2020-07-27 14:14:45'),
(1014, 37, '2020-05-09', '2020-07-27 14:14:45', '2020-07-27 14:14:45'),
(1015, 37, '2020-07-10', '2020-07-27 14:14:45', '2020-07-27 14:14:45'),
(1016, 37, '2020-04-11', '2020-07-27 14:14:45', '2020-07-27 14:14:45'),
(1017, 37, '2020-02-09', '2020-07-27 14:14:45', '2020-07-27 14:14:45'),
(1018, 37, '2020-07-04', '2020-07-27 14:14:45', '2020-07-27 14:14:45'),
(1019, 37, '2020-04-16', '2020-07-27 14:14:45', '2020-07-27 14:14:45'),
(1020, 37, '2020-07-06', '2020-07-27 14:14:45', '2020-07-27 14:14:45'),
(1021, 37, '2020-03-19', '2020-07-27 14:14:45', '2020-07-27 14:14:45'),
(1022, 37, '2020-04-25', '2020-07-27 14:14:45', '2020-07-27 14:14:45'),
(1023, 37, '2020-03-27', '2020-07-27 14:14:45', '2020-07-27 14:14:45'),
(1024, 37, '2020-05-02', '2020-07-27 14:14:45', '2020-07-27 14:14:45'),
(1025, 37, '2020-05-27', '2020-07-27 14:14:45', '2020-07-27 14:14:45'),
(1026, 37, '2020-06-24', '2020-07-27 14:14:45', '2020-07-27 14:14:45'),
(1027, 37, '2020-02-05', '2020-07-27 14:14:45', '2020-07-27 14:14:45'),
(1028, 37, '2020-07-16', '2020-07-27 14:14:45', '2020-07-27 14:14:45'),
(1029, 37, '2020-01-04', '2020-07-27 14:14:45', '2020-07-27 14:14:45'),
(1030, 37, '2020-05-03', '2020-07-27 14:14:45', '2020-07-27 14:14:45'),
(1031, 37, '2020-02-14', '2020-07-27 14:14:45', '2020-07-27 14:14:45'),
(1032, 37, '2020-05-23', '2020-07-27 14:14:45', '2020-07-27 14:14:45'),
(1033, 37, '2020-06-05', '2020-07-27 14:14:45', '2020-07-27 14:14:45'),
(1034, 37, '2020-02-04', '2020-07-27 14:14:45', '2020-07-27 14:14:45'),
(1035, 37, '2020-04-18', '2020-07-27 14:14:45', '2020-07-27 14:14:45'),
(1036, 37, '2020-02-25', '2020-07-27 14:14:45', '2020-07-27 14:14:45'),
(1037, 37, '2020-07-04', '2020-07-27 14:14:45', '2020-07-27 14:14:45'),
(1038, 37, '2020-04-26', '2020-07-27 14:14:45', '2020-07-27 14:14:45'),
(1039, 37, '2020-04-15', '2020-07-27 14:14:45', '2020-07-27 14:14:45'),
(1040, 37, '2020-07-24', '2020-07-27 14:14:45', '2020-07-27 14:14:45'),
(1041, 37, '2020-06-26', '2020-07-27 14:14:45', '2020-07-27 14:14:45'),
(1042, 37, '2020-01-04', '2020-07-27 14:14:45', '2020-07-27 14:14:45'),
(1043, 37, '2020-03-04', '2020-07-27 14:14:45', '2020-07-27 14:14:45'),
(1044, 37, '2020-01-12', '2020-07-27 14:14:45', '2020-07-27 14:14:45'),
(1045, 37, '2020-06-01', '2020-07-27 14:14:45', '2020-07-27 14:14:45'),
(1046, 37, '2020-07-25', '2020-07-27 14:14:45', '2020-07-27 14:14:45'),
(1047, 37, '2020-02-27', '2020-07-27 14:14:45', '2020-07-27 14:14:45'),
(1048, 37, '2020-07-17', '2020-07-27 14:14:45', '2020-07-27 14:14:45'),
(1049, 37, '2020-05-09', '2020-07-27 14:14:45', '2020-07-27 14:14:45'),
(1050, 37, '2020-07-12', '2020-07-27 14:14:45', '2020-07-27 14:14:45'),
(1051, 37, '2020-05-01', '2020-07-27 14:14:45', '2020-07-27 14:14:45'),
(1052, 37, '2020-07-15', '2020-07-27 14:14:45', '2020-07-27 14:14:45'),
(1053, 37, '2020-05-09', '2020-07-27 14:14:45', '2020-07-27 14:14:45'),
(1054, 37, '2020-01-21', '2020-07-27 14:14:45', '2020-07-27 14:14:45'),
(1055, 37, '2020-01-24', '2020-07-27 14:14:45', '2020-07-27 14:14:45'),
(1056, 37, '2020-02-02', '2020-07-27 14:14:45', '2020-07-27 14:14:45'),
(1057, 37, '2020-07-11', '2020-07-27 14:14:45', '2020-07-27 14:14:45'),
(1058, 37, '2020-01-22', '2020-07-27 14:14:45', '2020-07-27 14:14:45'),
(1059, 37, '2020-01-07', '2020-07-27 14:14:45', '2020-07-27 14:14:45'),
(1060, 37, '2020-06-06', '2020-07-27 14:14:45', '2020-07-27 14:14:45'),
(1061, 37, '2020-07-14', '2020-07-27 14:14:45', '2020-07-27 14:14:45'),
(1062, 37, '2020-05-04', '2020-07-27 14:14:45', '2020-07-27 14:14:45'),
(1063, 37, '2020-06-27', '2020-07-27 14:14:45', '2020-07-27 14:14:45'),
(1064, 37, '2020-02-23', '2020-07-27 14:14:45', '2020-07-27 14:14:45'),
(1065, 37, '2020-04-29', '2020-07-27 14:14:45', '2020-07-27 14:14:45'),
(1066, 37, '2020-03-24', '2020-07-27 14:14:45', '2020-07-27 14:14:45'),
(1067, 37, '2020-07-26', '2020-07-27 14:14:45', '2020-07-27 14:14:45'),
(1068, 37, '2020-03-13', '2020-07-27 14:14:45', '2020-07-27 14:14:45'),
(1069, 37, '2020-05-11', '2020-07-27 14:14:45', '2020-07-27 14:14:45'),
(1070, 37, '2020-01-28', '2020-07-27 14:14:45', '2020-07-27 14:14:45'),
(1071, 37, '2020-01-23', '2020-07-27 14:14:45', '2020-07-27 14:14:45'),
(1072, 37, '2020-07-06', '2020-07-27 14:14:45', '2020-07-27 14:14:45'),
(1073, 37, '2020-04-01', '2020-07-27 14:14:45', '2020-07-27 14:14:45'),
(1074, 37, '2020-05-21', '2020-07-27 14:14:45', '2020-07-27 14:14:45'),
(1075, 37, '2020-03-24', '2020-07-27 14:14:45', '2020-07-27 14:14:45'),
(1076, 37, '2020-07-28', '2020-07-27 14:14:45', '2020-07-27 14:14:45'),
(1077, 37, '2020-01-28', '2020-07-27 14:14:45', '2020-07-27 14:14:45'),
(1078, 37, '2020-03-18', '2020-07-27 14:14:45', '2020-07-27 14:14:45'),
(1079, 37, '2020-03-14', '2020-07-27 14:14:45', '2020-07-27 14:14:45'),
(1080, 37, '2020-01-08', '2020-07-27 14:14:45', '2020-07-27 14:14:45'),
(1081, 37, '2020-01-15', '2020-07-27 14:14:45', '2020-07-27 14:14:45'),
(1082, 37, '2020-04-21', '2020-07-27 14:14:45', '2020-07-27 14:14:45'),
(1083, 37, '2020-03-06', '2020-07-27 14:14:45', '2020-07-27 14:14:45'),
(1084, 37, '2020-04-02', '2020-07-27 14:14:45', '2020-07-27 14:14:45'),
(1085, 37, '2020-02-02', '2020-07-27 14:14:45', '2020-07-27 14:14:45'),
(1086, 37, '2020-07-06', '2020-07-27 14:14:45', '2020-07-27 14:14:45'),
(1087, 37, '2020-03-25', '2020-07-27 14:14:45', '2020-07-27 14:14:45'),
(1088, 37, '2020-04-14', '2020-07-27 14:14:45', '2020-07-27 14:14:45'),
(1089, 37, '2020-07-15', '2020-07-27 14:14:45', '2020-07-27 14:14:45'),
(1090, 37, '2020-06-06', '2020-07-27 14:14:45', '2020-07-27 14:14:45'),
(1091, 37, '2020-06-13', '2020-07-27 14:14:45', '2020-07-27 14:14:45'),
(1092, 37, '2020-03-12', '2020-07-27 14:14:45', '2020-07-27 14:14:45'),
(1093, 37, '2020-07-03', '2020-07-27 14:14:45', '2020-07-27 14:14:45'),
(1094, 37, '2020-06-02', '2020-07-27 14:14:45', '2020-07-27 14:14:45'),
(1095, 37, '2020-02-08', '2020-07-27 14:14:45', '2020-07-27 14:14:45'),
(1096, 37, '2020-02-12', '2020-07-27 14:14:45', '2020-07-27 14:14:45'),
(1097, 37, '2020-04-19', '2020-07-27 14:14:45', '2020-07-27 14:14:45'),
(1098, 37, '2020-01-27', '2020-07-27 14:14:45', '2020-07-27 14:14:45'),
(1099, 37, '2020-05-05', '2020-07-27 14:14:45', '2020-07-27 14:14:45'),
(1100, 37, '2020-05-08', '2020-07-27 14:14:45', '2020-07-27 14:14:45'),
(1101, 37, '2020-07-14', '2020-07-27 14:14:45', '2020-07-27 14:14:45'),
(1102, 37, '2020-02-11', '2020-07-27 14:14:45', '2020-07-27 14:14:45'),
(1103, 37, '2020-01-08', '2020-07-27 14:14:45', '2020-07-27 14:14:45'),
(1104, 37, '2020-01-06', '2020-07-27 14:14:45', '2020-07-27 14:14:45'),
(1105, 37, '2020-06-19', '2020-07-27 14:14:45', '2020-07-27 14:14:45'),
(1106, 37, '2020-05-13', '2020-07-27 14:14:45', '2020-07-27 14:14:45'),
(1107, 37, '2020-07-27', '2020-07-27 14:14:45', '2020-07-27 14:14:45'),
(1108, 37, '2020-03-11', '2020-07-27 14:14:45', '2020-07-27 14:14:45'),
(1109, 37, '2020-03-06', '2020-07-27 14:14:45', '2020-07-27 14:14:45'),
(1110, 37, '2020-06-02', '2020-07-27 14:14:45', '2020-07-27 14:14:45'),
(1111, 37, '2020-01-21', '2020-07-27 14:14:45', '2020-07-27 14:14:45'),
(1112, 37, '2020-04-10', '2020-07-27 14:14:45', '2020-07-27 14:14:45'),
(1113, 37, '2020-04-28', '2020-07-27 14:14:45', '2020-07-27 14:14:45'),
(1114, 37, '2020-06-29', '2020-07-27 14:14:45', '2020-07-27 14:14:45'),
(1115, 37, '2020-03-19', '2020-07-27 14:14:45', '2020-07-27 14:14:45'),
(1116, 37, '2020-07-29', '2020-07-27 14:14:45', '2020-07-27 14:14:45'),
(1117, 37, '2020-05-25', '2020-07-27 14:14:45', '2020-07-27 14:14:45'),
(1118, 37, '2020-07-22', '2020-07-27 14:14:45', '2020-07-27 14:14:45'),
(1119, 37, '2020-05-10', '2020-07-27 14:14:45', '2020-07-27 14:14:45'),
(1120, 37, '2020-06-01', '2020-07-27 14:14:45', '2020-07-27 14:14:45'),
(1121, 37, '2020-05-22', '2020-07-27 14:14:45', '2020-07-27 14:14:45'),
(1122, 37, '2020-02-04', '2020-07-27 14:14:45', '2020-07-27 14:14:45'),
(1123, 37, '2020-03-24', '2020-07-27 14:14:45', '2020-07-27 14:14:45'),
(1124, 37, '2020-05-24', '2020-07-27 14:14:45', '2020-07-27 14:14:45'),
(1125, 37, '2020-03-03', '2020-07-27 14:14:45', '2020-07-27 14:14:45'),
(1126, 37, '2020-01-28', '2020-07-27 14:14:45', '2020-07-27 14:14:45'),
(1127, 37, '2020-03-28', '2020-07-27 14:14:45', '2020-07-27 14:14:45'),
(1128, 37, '2020-02-04', '2020-07-27 14:14:45', '2020-07-27 14:14:45'),
(1129, 37, '2020-05-09', '2020-07-27 14:14:45', '2020-07-27 14:14:45'),
(1130, 37, '2020-03-17', '2020-07-27 14:14:45', '2020-07-27 14:14:45'),
(1131, 37, '2020-06-12', '2020-07-27 14:14:45', '2020-07-27 14:14:45'),
(1132, 37, '2020-05-26', '2020-07-27 14:14:45', '2020-07-27 14:14:45'),
(1133, 37, '2020-06-22', '2020-07-27 14:14:45', '2020-07-27 14:14:45'),
(1134, 37, '2020-06-11', '2020-07-27 14:14:45', '2020-07-27 14:14:45'),
(1135, 37, '2020-06-23', '2020-07-27 14:14:45', '2020-07-27 14:14:45'),
(1136, 37, '2020-07-18', '2020-07-27 14:14:45', '2020-07-27 14:14:45'),
(1137, 37, '2020-07-29', '2020-07-27 14:14:45', '2020-07-27 14:14:45'),
(1138, 37, '2020-02-25', '2020-07-27 14:14:45', '2020-07-27 14:14:45'),
(1139, 37, '2020-06-19', '2020-07-27 14:14:45', '2020-07-27 14:14:45'),
(1140, 37, '2020-04-14', '2020-07-27 14:14:45', '2020-07-27 14:14:45'),
(1141, 37, '2020-03-11', '2020-07-27 14:14:45', '2020-07-27 14:14:45'),
(1142, 37, '2020-01-06', '2020-07-27 14:14:45', '2020-07-27 14:14:45'),
(1143, 37, '2020-07-16', '2020-07-27 14:14:45', '2020-07-27 14:14:45'),
(1144, 37, '2020-05-28', '2020-07-27 14:14:45', '2020-07-27 14:14:45'),
(1145, 37, '2020-06-08', '2020-07-27 14:14:45', '2020-07-27 14:14:45'),
(1146, 37, '2020-02-22', '2020-07-27 14:14:45', '2020-07-27 14:14:45'),
(1147, 37, '2020-05-01', '2020-07-27 14:14:45', '2020-07-27 14:14:45'),
(1148, 37, '2020-04-12', '2020-07-27 14:14:45', '2020-07-27 14:14:45'),
(1149, 37, '2020-02-26', '2020-07-27 14:14:45', '2020-07-27 14:14:45'),
(1150, 37, '2020-04-25', '2020-07-27 14:14:45', '2020-07-27 14:14:45'),
(1151, 37, '2020-02-05', '2020-07-27 14:14:45', '2020-07-27 14:14:45'),
(1152, 37, '2020-03-12', '2020-07-27 14:14:45', '2020-07-27 14:14:45'),
(1153, 37, '2020-05-27', '2020-07-27 14:14:45', '2020-07-27 14:14:45'),
(1154, 37, '2020-02-09', '2020-07-27 14:14:45', '2020-07-27 14:14:45'),
(1155, 37, '2020-06-20', '2020-07-27 14:14:45', '2020-07-27 14:14:45'),
(1156, 37, '2020-03-05', '2020-07-27 14:14:45', '2020-07-27 14:14:45'),
(1157, 37, '2020-03-18', '2020-07-27 14:14:45', '2020-07-27 14:14:45'),
(1158, 37, '2020-01-19', '2020-07-27 14:14:45', '2020-07-27 14:14:45'),
(1159, 37, '2020-04-01', '2020-07-27 14:14:45', '2020-07-27 14:14:45'),
(1160, 37, '2020-02-08', '2020-07-27 14:14:45', '2020-07-27 14:14:45'),
(1161, 37, '2020-04-20', '2020-07-27 14:14:45', '2020-07-27 14:14:45'),
(1162, 37, '2020-02-19', '2020-07-27 14:14:45', '2020-07-27 14:14:45'),
(1163, 37, '2020-04-10', '2020-07-27 14:14:45', '2020-07-27 14:14:45'),
(1164, 37, '2020-06-22', '2020-07-27 14:14:45', '2020-07-27 14:14:45'),
(1165, 37, '2020-03-21', '2020-07-27 14:14:45', '2020-07-27 14:14:45'),
(1166, 37, '2020-05-22', '2020-07-27 14:14:45', '2020-07-27 14:14:45'),
(1167, 37, '2020-02-14', '2020-07-27 14:14:45', '2020-07-27 14:14:45'),
(1168, 37, '2020-03-11', '2020-07-27 14:14:45', '2020-07-27 14:14:45'),
(1169, 37, '2020-04-06', '2020-07-27 14:14:45', '2020-07-27 14:14:45'),
(1170, 37, '2020-01-09', '2020-07-27 14:14:45', '2020-07-27 14:14:45'),
(1171, 37, '2020-03-27', '2020-07-27 14:14:45', '2020-07-27 14:14:45'),
(1172, 37, '2020-01-18', '2020-07-27 14:14:45', '2020-07-27 14:14:45'),
(1173, 37, '2020-06-14', '2020-07-27 14:14:45', '2020-07-27 14:14:45'),
(1174, 37, '2020-02-24', '2020-07-27 14:14:45', '2020-07-27 14:14:45'),
(1175, 37, '2020-02-17', '2020-07-27 14:14:45', '2020-07-27 14:14:45'),
(1176, 37, '2020-01-01', '2020-07-27 14:14:45', '2020-07-27 14:14:45'),
(1177, 37, '2020-01-05', '2020-07-27 14:14:45', '2020-07-27 14:14:45'),
(1178, 37, '2020-04-08', '2020-07-27 14:14:45', '2020-07-27 14:14:45'),
(1179, 37, '2020-07-15', '2020-07-27 14:14:45', '2020-07-27 14:14:45'),
(1180, 37, '2020-04-06', '2020-07-27 14:14:45', '2020-07-27 14:14:45'),
(1181, 37, '2020-05-03', '2020-07-27 14:14:45', '2020-07-27 14:14:45'),
(1182, 37, '2020-07-01', '2020-07-27 14:14:45', '2020-07-27 14:14:45'),
(1183, 37, '2020-02-01', '2020-07-27 14:14:45', '2020-07-27 14:14:45'),
(1184, 37, '2020-03-25', '2020-07-27 14:14:45', '2020-07-27 14:14:45'),
(1185, 37, '2020-05-12', '2020-07-27 14:14:45', '2020-07-27 14:14:45'),
(1186, 37, '2020-03-13', '2020-07-27 14:14:45', '2020-07-27 14:14:45'),
(1187, 37, '2020-05-22', '2020-07-27 14:14:45', '2020-07-27 14:14:45'),
(1188, 37, '2020-06-18', '2020-07-27 14:14:45', '2020-07-27 14:14:45'),
(1189, 37, '2020-01-01', '2020-07-27 14:14:45', '2020-07-27 14:14:45'),
(1190, 37, '2020-04-20', '2020-07-27 14:14:45', '2020-07-27 14:14:45'),
(1191, 37, '2020-06-26', '2020-07-27 14:14:45', '2020-07-27 14:14:45'),
(1192, 37, '2020-03-19', '2020-07-27 14:14:45', '2020-07-27 14:14:45'),
(1193, 37, '2020-07-13', '2020-07-27 14:14:45', '2020-07-27 14:14:45'),
(1194, 37, '2020-06-05', '2020-07-27 14:14:45', '2020-07-27 14:14:45'),
(1195, 37, '2020-06-03', '2020-07-27 14:14:45', '2020-07-27 14:14:45'),
(1196, 37, '2020-05-28', '2020-07-27 14:14:45', '2020-07-27 14:14:45'),
(1197, 37, '2020-07-05', '2020-07-27 14:14:45', '2020-07-27 14:14:45'),
(1198, 37, '2020-01-14', '2020-07-27 14:14:45', '2020-07-27 14:14:45'),
(1199, 37, '2020-01-15', '2020-07-27 14:14:45', '2020-07-27 14:14:45'),
(1200, 37, '2020-02-04', '2020-07-27 14:14:45', '2020-07-27 14:14:45'),
(1201, 37, '2020-03-23', '2020-07-27 14:14:45', '2020-07-27 14:14:45'),
(1202, 37, '2020-06-09', '2020-07-27 14:14:45', '2020-07-27 14:14:45'),
(1203, 37, '2020-07-11', '2020-07-27 14:14:45', '2020-07-27 14:14:45'),
(1204, 37, '2020-07-15', '2020-07-27 14:14:45', '2020-07-27 14:14:45'),
(1205, 37, '2020-05-20', '2020-07-27 14:14:45', '2020-07-27 14:14:45'),
(1206, 37, '2020-03-11', '2020-07-27 14:14:45', '2020-07-27 14:14:45'),
(1207, 37, '2020-05-22', '2020-07-27 14:14:45', '2020-07-27 14:14:45'),
(1208, 37, '2020-07-15', '2020-07-27 14:14:45', '2020-07-27 14:14:45'),
(1209, 37, '2020-04-08', '2020-07-27 14:14:45', '2020-07-27 14:14:45'),
(1210, 37, '2020-02-03', '2020-07-27 14:14:45', '2020-07-27 14:14:45'),
(1211, 37, '2020-03-05', '2020-07-27 14:14:45', '2020-07-27 14:14:45'),
(1212, 37, '2020-02-05', '2020-07-27 14:14:45', '2020-07-27 14:14:45'),
(1213, 37, '2020-05-25', '2020-07-27 14:14:45', '2020-07-27 14:14:45'),
(1214, 37, '2020-02-06', '2020-07-27 14:14:45', '2020-07-27 14:14:45'),
(1215, 37, '2020-04-22', '2020-07-27 14:14:45', '2020-07-27 14:14:45'),
(1216, 37, '2020-06-18', '2020-07-27 14:14:45', '2020-07-27 14:14:45'),
(1217, 37, '2020-06-25', '2020-07-27 14:14:45', '2020-07-27 14:14:45'),
(1218, 37, '2020-04-22', '2020-07-27 14:14:45', '2020-07-27 14:14:45'),
(1219, 37, '2020-04-29', '2020-07-27 14:14:45', '2020-07-27 14:14:45'),
(1220, 37, '2020-01-17', '2020-07-27 14:14:45', '2020-07-27 14:14:45'),
(1221, 37, '2020-07-10', '2020-07-27 14:14:45', '2020-07-27 14:14:45'),
(1222, 37, '2020-05-09', '2020-07-27 14:14:45', '2020-07-27 14:14:45'),
(1223, 37, '2020-03-24', '2020-07-27 14:14:45', '2020-07-27 14:14:45'),
(1224, 37, '2020-03-04', '2020-07-27 14:14:45', '2020-07-27 14:14:45'),
(1225, 37, '2020-03-24', '2020-07-27 14:14:45', '2020-07-27 14:14:45'),
(1226, 37, '2020-02-01', '2020-07-27 14:14:45', '2020-07-27 14:14:45'),
(1227, 37, '2020-04-27', '2020-07-27 14:14:45', '2020-07-27 14:14:45'),
(1228, 37, '2020-01-22', '2020-07-27 14:14:45', '2020-07-27 14:14:45'),
(1229, 37, '2020-05-20', '2020-07-27 14:14:45', '2020-07-27 14:14:45'),
(1230, 37, '2020-05-10', '2020-07-27 14:14:45', '2020-07-27 14:14:45'),
(1231, 37, '2020-03-22', '2020-07-27 14:14:45', '2020-07-27 14:14:45'),
(1232, 37, '2020-05-02', '2020-07-27 14:14:45', '2020-07-27 14:14:45'),
(1233, 37, '2020-07-04', '2020-07-27 14:14:45', '2020-07-27 14:14:45'),
(1234, 37, '2020-05-06', '2020-07-27 14:14:45', '2020-07-27 14:14:45'),
(1235, 37, '2020-01-09', '2020-07-27 14:14:45', '2020-07-27 14:14:45'),
(1236, 37, '2020-07-18', '2020-07-27 14:14:45', '2020-07-27 14:14:45'),
(1237, 37, '2020-01-25', '2020-07-27 14:14:45', '2020-07-27 14:14:45'),
(1238, 37, '2020-01-01', '2020-07-27 14:14:45', '2020-07-27 14:14:45'),
(1239, 37, '2020-06-21', '2020-07-27 14:14:45', '2020-07-27 14:14:45'),
(1240, 37, '2020-07-29', '2020-07-27 14:14:45', '2020-07-27 14:14:45'),
(1241, 37, '2020-03-12', '2020-07-27 14:14:45', '2020-07-27 14:14:45'),
(1242, 37, '2020-07-03', '2020-07-27 14:14:45', '2020-07-27 14:14:45'),
(1243, 37, '2020-04-08', '2020-07-27 14:14:45', '2020-07-27 14:14:45'),
(1244, 37, '2020-05-13', '2020-07-27 14:14:45', '2020-07-27 14:14:45'),
(1245, 37, '2020-03-04', '2020-07-27 14:14:45', '2020-07-27 14:14:45'),
(1246, 37, '2020-06-12', '2020-07-27 14:14:45', '2020-07-27 14:14:45'),
(1247, 37, '2020-02-28', '2020-07-27 14:14:45', '2020-07-27 14:14:45'),
(1248, 37, '2020-06-12', '2020-07-27 14:14:45', '2020-07-27 14:14:45'),
(1249, 37, '2020-05-16', '2020-07-27 14:14:45', '2020-07-27 14:14:45'),
(1250, 37, '2020-04-21', '2020-07-27 14:14:45', '2020-07-27 14:14:45'),
(1251, 37, '2020-02-21', '2020-07-27 14:14:45', '2020-07-27 14:14:45'),
(1252, 37, '2020-07-08', '2020-07-27 14:14:45', '2020-07-27 14:14:45'),
(1253, 37, '2020-01-23', '2020-07-27 14:14:45', '2020-07-27 14:14:45'),
(1254, 37, '2020-04-19', '2020-07-27 14:14:45', '2020-07-27 14:14:45'),
(1255, 37, '2020-02-11', '2020-07-27 14:14:45', '2020-07-27 14:14:45'),
(1256, 37, '2020-06-17', '2020-07-27 14:14:45', '2020-07-27 14:14:45'),
(1257, 37, '2020-06-25', '2020-07-27 14:14:45', '2020-07-27 14:14:45'),
(1258, 37, '2020-06-01', '2020-07-27 14:14:45', '2020-07-27 14:14:45'),
(1259, 37, '2020-04-28', '2020-07-27 14:14:45', '2020-07-27 14:14:45'),
(1260, 37, '2020-07-14', '2020-07-27 14:14:45', '2020-07-27 14:14:45'),
(1261, 37, '2020-01-21', '2020-07-27 14:14:45', '2020-07-27 14:14:45'),
(1262, 37, '2020-02-05', '2020-07-27 14:14:45', '2020-07-27 14:14:45'),
(1263, 37, '2020-02-28', '2020-07-27 14:14:45', '2020-07-27 14:14:45'),
(1264, 37, '2020-06-22', '2020-07-27 14:14:45', '2020-07-27 14:14:45'),
(1265, 37, '2020-05-03', '2020-07-27 14:14:45', '2020-07-27 14:14:45'),
(1266, 37, '2020-01-20', '2020-07-27 14:14:45', '2020-07-27 14:14:45'),
(1267, 37, '2020-04-02', '2020-07-27 14:14:45', '2020-07-27 14:14:45'),
(1268, 37, '2020-02-05', '2020-07-27 14:14:45', '2020-07-27 14:14:45'),
(1269, 37, '2020-05-04', '2020-07-27 14:14:45', '2020-07-27 14:14:45'),
(1270, 37, '2020-07-25', '2020-07-27 14:14:45', '2020-07-27 14:14:45'),
(1271, 37, '2020-04-10', '2020-07-27 14:14:45', '2020-07-27 14:14:45'),
(1272, 37, '2020-05-24', '2020-07-27 14:14:45', '2020-07-27 14:14:45'),
(1273, 37, '2020-01-06', '2020-07-27 14:14:45', '2020-07-27 14:14:45'),
(1274, 37, '2020-01-19', '2020-07-27 14:14:45', '2020-07-27 14:14:45'),
(1275, 37, '2020-01-01', '2020-07-27 14:14:45', '2020-07-27 14:14:45'),
(1276, 37, '2020-04-24', '2020-07-27 14:14:45', '2020-07-27 14:14:45'),
(1277, 37, '2020-05-12', '2020-07-27 14:14:45', '2020-07-27 14:14:45'),
(1278, 37, '2020-02-18', '2020-07-27 14:14:45', '2020-07-27 14:14:45'),
(1279, 37, '2020-04-14', '2020-07-27 14:14:45', '2020-07-27 14:14:45'),
(1280, 37, '2020-07-18', '2020-07-27 14:14:45', '2020-07-27 14:14:45'),
(1281, 37, '2020-05-29', '2020-07-27 14:14:45', '2020-07-27 14:14:45'),
(1282, 37, '2020-07-27', '2020-07-27 14:14:45', '2020-07-27 14:14:45'),
(1283, 37, '2020-05-24', '2020-07-27 14:14:45', '2020-07-27 14:14:45'),
(1284, 37, '2020-06-29', '2020-07-27 14:14:45', '2020-07-27 14:14:45'),
(1285, 37, '2020-05-12', '2020-07-27 14:14:45', '2020-07-27 14:14:45'),
(1286, 37, '2020-05-02', '2020-07-27 14:14:45', '2020-07-27 14:14:45'),
(1287, 37, '2020-07-09', '2020-07-27 14:14:45', '2020-07-27 14:14:45'),
(1288, 37, '2020-04-25', '2020-07-27 14:14:45', '2020-07-27 14:14:45'),
(1289, 37, '2020-04-12', '2020-07-27 14:14:45', '2020-07-27 14:14:45'),
(1290, 37, '2020-02-21', '2020-07-27 14:14:45', '2020-07-27 14:14:45'),
(1291, 37, '2020-05-18', '2020-07-27 14:14:45', '2020-07-27 14:14:45'),
(1292, 37, '2020-06-26', '2020-07-27 14:14:45', '2020-07-27 14:14:45'),
(1293, 37, '2020-05-28', '2020-07-27 14:14:45', '2020-07-27 14:14:45'),
(1294, 37, '2020-05-28', '2020-07-27 14:14:45', '2020-07-27 14:14:45'),
(1295, 37, '2020-05-17', '2020-07-27 14:14:45', '2020-07-27 14:14:45'),
(1296, 37, '2020-01-02', '2020-07-27 14:14:45', '2020-07-27 14:14:45'),
(1297, 37, '2020-05-22', '2020-07-27 14:14:45', '2020-07-27 14:14:45'),
(1298, 37, '2020-07-29', '2020-07-27 14:14:45', '2020-07-27 14:14:45'),
(1299, 37, '2020-07-22', '2020-07-27 14:14:45', '2020-07-27 14:14:45'),
(1300, 37, '2020-07-05', '2020-07-27 14:14:45', '2020-07-27 14:14:45'),
(1301, 37, '2020-04-12', '2020-07-27 14:14:45', '2020-07-27 14:14:45'),
(1302, 37, '2020-06-19', '2020-07-27 14:14:45', '2020-07-27 14:14:45'),
(1303, 37, '2020-07-15', '2020-07-27 14:14:45', '2020-07-27 14:14:45'),
(1304, 37, '2020-07-13', '2020-07-27 14:14:45', '2020-07-27 14:14:45'),
(1305, 37, '2020-05-04', '2020-07-27 14:14:45', '2020-07-27 14:14:45'),
(1306, 37, '2020-02-28', '2020-07-27 14:14:45', '2020-07-27 14:14:45'),
(1307, 37, '2020-05-29', '2020-07-27 14:14:45', '2020-07-27 14:14:45'),
(1308, 37, '2020-02-01', '2020-07-27 14:14:45', '2020-07-27 14:14:45'),
(1309, 37, '2020-02-24', '2020-07-27 14:14:45', '2020-07-27 14:14:45'),
(1310, 37, '2020-02-17', '2020-07-27 14:14:45', '2020-07-27 14:14:45'),
(1311, 37, '2020-06-06', '2020-07-27 14:14:45', '2020-07-27 14:14:45'),
(1312, 37, '2020-03-01', '2020-07-27 14:14:45', '2020-07-27 14:14:45'),
(1313, 37, '2020-04-04', '2020-07-27 14:14:45', '2020-07-27 14:14:45'),
(1314, 37, '2020-02-02', '2020-07-27 14:14:45', '2020-07-27 14:14:45'),
(1315, 37, '2020-06-19', '2020-07-27 14:14:45', '2020-07-27 14:14:45'),
(1316, 37, '2020-01-18', '2020-07-27 14:14:45', '2020-07-27 14:14:45'),
(1317, 37, '2020-01-07', '2020-07-27 14:14:45', '2020-07-27 14:14:45'),
(1318, 37, '2020-04-03', '2020-07-27 14:14:45', '2020-07-27 14:14:45'),
(1319, 37, '2020-06-18', '2020-07-27 14:14:45', '2020-07-27 14:14:45'),
(1320, 37, '2020-07-22', '2020-07-27 14:14:45', '2020-07-27 14:14:45'),
(1321, 37, '2020-05-16', '2020-07-27 14:14:45', '2020-07-27 14:14:45'),
(1322, 37, '2020-01-06', '2020-07-27 14:14:45', '2020-07-27 14:14:45'),
(1323, 37, '2020-02-10', '2020-07-27 14:14:45', '2020-07-27 14:14:45'),
(1324, 37, '2020-05-12', '2020-07-27 14:14:45', '2020-07-27 14:14:45'),
(1325, 37, '2020-05-26', '2020-07-27 14:14:45', '2020-07-27 14:14:45'),
(1326, 37, '2020-02-05', '2020-07-27 14:14:45', '2020-07-27 14:14:45'),
(1327, 37, '2020-07-09', '2020-07-27 14:14:45', '2020-07-27 14:14:45'),
(1328, 37, '2020-03-12', '2020-07-27 14:14:45', '2020-07-27 14:14:45'),
(1329, 37, '2020-06-16', '2020-07-27 14:14:45', '2020-07-27 14:14:45'),
(1330, 37, '2020-02-27', '2020-07-27 14:14:45', '2020-07-27 14:14:45'),
(1331, 37, '2020-02-24', '2020-07-27 14:14:45', '2020-07-27 14:14:45'),
(1332, 37, '2020-05-03', '2020-07-27 14:14:45', '2020-07-27 14:14:45'),
(1333, 37, '2020-07-06', '2020-07-27 14:14:45', '2020-07-27 14:14:45'),
(1334, 37, '2020-06-03', '2020-07-27 14:14:45', '2020-07-27 14:14:45'),
(1335, 37, '2020-01-21', '2020-07-27 14:14:45', '2020-07-27 14:14:45'),
(1336, 37, '2020-05-28', '2020-07-27 14:14:45', '2020-07-27 14:14:45'),
(1337, 37, '2020-05-11', '2020-07-27 14:14:45', '2020-07-27 14:14:45'),
(1338, 37, '2020-03-24', '2020-07-27 14:14:45', '2020-07-27 14:14:45'),
(1339, 37, '2020-04-21', '2020-07-27 14:14:45', '2020-07-27 14:14:45'),
(1340, 37, '2020-04-09', '2020-07-27 14:14:45', '2020-07-27 14:14:45'),
(1341, 37, '2020-06-02', '2020-07-27 14:14:45', '2020-07-27 14:14:45'),
(1342, 37, '2020-03-14', '2020-07-27 14:14:45', '2020-07-27 14:14:45'),
(1343, 37, '2020-03-23', '2020-07-27 14:14:45', '2020-07-27 14:14:45'),
(1344, 37, '2020-03-07', '2020-07-27 14:14:45', '2020-07-27 14:14:45'),
(1345, 37, '2020-02-16', '2020-07-27 14:14:45', '2020-07-27 14:14:45'),
(1346, 37, '2020-04-19', '2020-07-27 14:14:45', '2020-07-27 14:14:45'),
(1347, 37, '2020-04-11', '2020-07-27 14:14:45', '2020-07-27 14:14:45'),
(1348, 37, '2020-03-25', '2020-07-27 14:14:45', '2020-07-27 14:14:45'),
(1349, 37, '2020-04-29', '2020-07-27 14:14:45', '2020-07-27 14:14:45'),
(1350, 37, '2020-03-06', '2020-07-27 14:14:45', '2020-07-27 14:14:45'),
(1351, 37, '2020-04-16', '2020-07-27 14:14:45', '2020-07-27 14:14:45'),
(1352, 37, '2020-07-21', '2020-07-27 14:14:45', '2020-07-27 14:14:45'),
(1353, 37, '2020-02-17', '2020-07-27 14:14:45', '2020-07-27 14:14:45'),
(1354, 37, '2020-06-17', '2020-07-27 14:14:45', '2020-07-27 14:14:45'),
(1355, 37, '2020-03-11', '2020-07-27 14:14:45', '2020-07-27 14:14:45'),
(1356, 37, '2020-04-26', '2020-07-27 14:14:45', '2020-07-27 14:14:45'),
(1357, 37, '2020-04-24', '2020-07-27 14:14:45', '2020-07-27 14:14:45'),
(1358, 37, '2020-06-21', '2020-07-27 14:14:45', '2020-07-27 14:14:45'),
(1359, 37, '2020-04-21', '2020-07-27 14:14:45', '2020-07-27 14:14:45'),
(1360, 37, '2020-03-24', '2020-07-27 14:14:45', '2020-07-27 14:14:45'),
(1361, 37, '2020-02-06', '2020-07-27 14:14:45', '2020-07-27 14:14:45'),
(1362, 37, '2020-05-06', '2020-07-27 14:14:45', '2020-07-27 14:14:45'),
(1363, 37, '2020-05-29', '2020-07-27 14:14:45', '2020-07-27 14:14:45'),
(1364, 37, '2020-07-10', '2020-07-27 14:14:45', '2020-07-27 14:14:45'),
(1365, 37, '2020-06-05', '2020-07-27 14:14:45', '2020-07-27 14:14:45'),
(1366, 37, '2020-07-15', '2020-07-27 14:14:45', '2020-07-27 14:14:45'),
(1367, 37, '2020-01-28', '2020-07-27 14:14:45', '2020-07-27 14:14:45'),
(1368, 37, '2020-04-14', '2020-07-27 14:14:45', '2020-07-27 14:14:45'),
(1369, 37, '2020-03-22', '2020-07-27 14:14:45', '2020-07-27 14:14:45'),
(1370, 37, '2020-01-15', '2020-07-27 14:14:45', '2020-07-27 14:14:45'),
(1371, 37, '2020-04-29', '2020-07-27 14:14:45', '2020-07-27 14:14:45'),
(1372, 37, '2020-04-08', '2020-07-27 14:14:45', '2020-07-27 14:14:45'),
(1373, 37, '2020-05-03', '2020-07-27 14:14:45', '2020-07-27 14:14:45'),
(1374, 37, '2020-07-05', '2020-07-27 14:14:45', '2020-07-27 14:14:45'),
(1375, 37, '2020-02-25', '2020-07-27 14:14:45', '2020-07-27 14:14:45'),
(1376, 37, '2020-05-06', '2020-07-27 14:14:45', '2020-07-27 14:14:45'),
(1377, 37, '2020-06-02', '2020-07-27 14:14:45', '2020-07-27 14:14:45'),
(1378, 37, '2020-05-27', '2020-07-27 14:14:45', '2020-07-27 14:14:45'),
(1379, 37, '2020-02-01', '2020-07-27 14:14:45', '2020-07-27 14:14:45'),
(1380, 37, '2020-04-29', '2020-07-27 14:14:45', '2020-07-27 14:14:45'),
(1381, 37, '2020-07-18', '2020-07-27 14:14:45', '2020-07-27 14:14:45'),
(1382, 37, '2020-01-15', '2020-07-27 14:14:45', '2020-07-27 14:14:45'),
(1383, 37, '2020-02-13', '2020-07-27 14:14:45', '2020-07-27 14:14:45'),
(1384, 37, '2020-02-22', '2020-07-27 14:14:45', '2020-07-27 14:14:45'),
(1385, 37, '2020-07-10', '2020-07-27 14:14:45', '2020-07-27 14:14:45'),
(1386, 37, '2020-02-28', '2020-07-27 14:14:45', '2020-07-27 14:14:45'),
(1387, 37, '2020-06-24', '2020-07-27 14:14:45', '2020-07-27 14:14:45'),
(1388, 37, '2020-06-02', '2020-07-27 14:14:45', '2020-07-27 14:14:45'),
(1389, 37, '2020-06-28', '2020-07-27 14:14:45', '2020-07-27 14:14:45'),
(1390, 37, '2020-02-04', '2020-07-27 14:14:45', '2020-07-27 14:14:45'),
(1391, 37, '2020-03-05', '2020-07-27 14:14:45', '2020-07-27 14:14:45'),
(1392, 37, '2020-05-11', '2020-07-27 14:14:45', '2020-07-27 14:14:45'),
(1393, 37, '2020-03-09', '2020-07-27 14:14:45', '2020-07-27 14:14:45'),
(1394, 37, '2020-07-12', '2020-07-27 14:14:45', '2020-07-27 14:14:45'),
(1395, 37, '2020-06-07', '2020-07-27 14:14:45', '2020-07-27 14:14:45'),
(1396, 37, '2020-05-14', '2020-07-27 14:14:45', '2020-07-27 14:14:45'),
(1397, 37, '2020-07-05', '2020-07-27 14:14:45', '2020-07-27 14:14:45'),
(1398, 37, '2020-03-05', '2020-07-27 14:14:45', '2020-07-27 14:14:45'),
(1399, 37, '2020-04-08', '2020-07-27 14:14:45', '2020-07-27 14:14:45'),
(1400, 37, '2020-06-04', '2020-07-27 14:14:45', '2020-07-27 14:14:45'),
(1401, 37, '2020-07-20', '2020-07-27 14:14:45', '2020-07-27 14:14:45'),
(1402, 37, '2020-03-21', '2020-07-27 14:14:45', '2020-07-27 14:14:45'),
(1403, 37, '2020-02-07', '2020-07-27 14:14:45', '2020-07-27 14:14:45'),
(1404, 37, '2020-01-10', '2020-07-27 14:14:45', '2020-07-27 14:14:45'),
(1405, 37, '2020-03-15', '2020-07-27 14:14:45', '2020-07-27 14:14:45'),
(1406, 37, '2020-01-10', '2020-07-27 14:14:45', '2020-07-27 14:14:45'),
(1407, 37, '2020-07-13', '2020-07-27 14:14:45', '2020-07-27 14:14:45'),
(1408, 37, '2020-02-08', '2020-07-27 14:14:45', '2020-07-27 14:14:45'),
(1409, 37, '2020-04-06', '2020-07-27 14:14:45', '2020-07-27 14:14:45'),
(1410, 37, '2020-06-10', '2020-07-27 14:14:45', '2020-07-27 14:14:45'),
(1411, 37, '2020-02-25', '2020-07-27 14:14:45', '2020-07-27 14:14:45'),
(1412, 37, '2020-06-25', '2020-07-27 14:14:45', '2020-07-27 14:14:45'),
(1413, 37, '2020-05-07', '2020-07-27 14:14:45', '2020-07-27 14:14:45'),
(1414, 37, '2020-01-16', '2020-07-27 14:14:45', '2020-07-27 14:14:45'),
(1415, 39, '2020-02-18', '2020-07-27 14:15:43', '2020-07-27 14:15:43'),
(1416, 39, '2020-05-05', '2020-07-27 14:15:43', '2020-07-27 14:15:43'),
(1417, 39, '2020-06-27', '2020-07-27 14:15:43', '2020-07-27 14:15:43'),
(1418, 39, '2020-06-14', '2020-07-27 14:15:43', '2020-07-27 14:15:43'),
(1419, 39, '2020-05-09', '2020-07-27 14:15:43', '2020-07-27 14:15:43'),
(1420, 39, '2020-07-17', '2020-07-27 14:15:43', '2020-07-27 14:15:43'),
(1421, 39, '2020-02-17', '2020-07-27 14:15:43', '2020-07-27 14:15:43'),
(1422, 39, '2020-01-09', '2020-07-27 14:15:43', '2020-07-27 14:15:43'),
(1423, 39, '2020-01-10', '2020-07-27 14:15:43', '2020-07-27 14:15:43'),
(1424, 39, '2020-06-10', '2020-07-27 14:15:43', '2020-07-27 14:15:43'),
(1425, 39, '2020-05-17', '2020-07-27 14:15:43', '2020-07-27 14:15:43'),
(1426, 39, '2020-05-08', '2020-07-27 14:15:43', '2020-07-27 14:15:43'),
(1427, 39, '2020-07-16', '2020-07-27 14:15:43', '2020-07-27 14:15:43'),
(1428, 39, '2020-05-13', '2020-07-27 14:15:43', '2020-07-27 14:15:43'),
(1429, 39, '2020-03-11', '2020-07-27 14:15:43', '2020-07-27 14:15:43'),
(1430, 39, '2020-05-17', '2020-07-27 14:15:43', '2020-07-27 14:15:43'),
(1431, 39, '2020-01-01', '2020-07-27 14:15:43', '2020-07-27 14:15:43'),
(1432, 39, '2020-05-08', '2020-07-27 14:15:43', '2020-07-27 14:15:43'),
(1433, 39, '2020-03-19', '2020-07-27 14:15:43', '2020-07-27 14:15:43'),
(1434, 39, '2020-04-21', '2020-07-27 14:15:43', '2020-07-27 14:15:43'),
(1435, 39, '2020-07-19', '2020-07-27 14:15:43', '2020-07-27 14:15:43'),
(1436, 39, '2020-05-28', '2020-07-27 14:15:43', '2020-07-27 14:15:43'),
(1437, 39, '2020-01-12', '2020-07-27 14:15:43', '2020-07-27 14:15:43'),
(1438, 39, '2020-04-03', '2020-07-27 14:15:43', '2020-07-27 14:15:43'),
(1439, 39, '2020-07-13', '2020-07-27 14:15:43', '2020-07-27 14:15:43'),
(1440, 39, '2020-01-25', '2020-07-27 14:15:43', '2020-07-27 14:15:43'),
(1441, 39, '2020-03-18', '2020-07-27 14:15:43', '2020-07-27 14:15:43'),
(1442, 39, '2020-01-03', '2020-07-27 14:15:43', '2020-07-27 14:15:43'),
(1443, 39, '2020-03-02', '2020-07-27 14:15:43', '2020-07-27 14:15:43'),
(1444, 39, '2020-04-28', '2020-07-27 14:15:43', '2020-07-27 14:15:43'),
(1445, 39, '2020-02-07', '2020-07-27 14:15:43', '2020-07-27 14:15:43'),
(1446, 39, '2020-04-05', '2020-07-27 14:15:43', '2020-07-27 14:15:43'),
(1447, 39, '2020-07-26', '2020-07-27 14:15:43', '2020-07-27 14:15:43'),
(1448, 39, '2020-06-07', '2020-07-27 14:15:43', '2020-07-27 14:15:43'),
(1449, 39, '2020-03-13', '2020-07-27 14:15:43', '2020-07-27 14:15:43'),
(1450, 39, '2020-07-06', '2020-07-27 14:15:43', '2020-07-27 14:15:43'),
(1451, 39, '2020-06-14', '2020-07-27 14:15:43', '2020-07-27 14:15:43'),
(1452, 39, '2020-06-19', '2020-07-27 14:15:43', '2020-07-27 14:15:43'),
(1453, 39, '2020-05-13', '2020-07-27 14:15:43', '2020-07-27 14:15:43'),
(1454, 39, '2020-01-07', '2020-07-27 14:15:43', '2020-07-27 14:15:43'),
(1455, 39, '2020-03-09', '2020-07-27 14:15:43', '2020-07-27 14:15:43'),
(1456, 39, '2020-06-27', '2020-07-27 14:15:43', '2020-07-27 14:15:43'),
(1457, 39, '2020-01-20', '2020-07-27 14:15:43', '2020-07-27 14:15:43'),
(1458, 39, '2020-07-16', '2020-07-27 14:15:43', '2020-07-27 14:15:43'),
(1459, 39, '2020-03-19', '2020-07-27 14:15:43', '2020-07-27 14:15:43'),
(1460, 39, '2020-01-18', '2020-07-27 14:15:43', '2020-07-27 14:15:43'),
(1461, 39, '2020-01-10', '2020-07-27 14:15:43', '2020-07-27 14:15:43'),
(1462, 39, '2020-05-11', '2020-07-27 14:15:43', '2020-07-27 14:15:43'),
(1463, 39, '2020-06-17', '2020-07-27 14:15:43', '2020-07-27 14:15:43'),
(1464, 39, '2020-04-22', '2020-07-27 14:15:43', '2020-07-27 14:15:43'),
(1465, 39, '2020-02-18', '2020-07-27 14:15:43', '2020-07-27 14:15:43'),
(1466, 39, '2020-02-06', '2020-07-27 14:15:43', '2020-07-27 14:15:43'),
(1467, 39, '2020-01-25', '2020-07-27 14:15:43', '2020-07-27 14:15:43'),
(1468, 39, '2020-02-24', '2020-07-27 14:15:43', '2020-07-27 14:15:43'),
(1469, 39, '2020-03-05', '2020-07-27 14:15:43', '2020-07-27 14:15:43'),
(1470, 39, '2020-03-11', '2020-07-27 14:15:43', '2020-07-27 14:15:43'),
(1471, 39, '2020-01-11', '2020-07-27 14:15:43', '2020-07-27 14:15:43'),
(1472, 39, '2020-01-24', '2020-07-27 14:15:43', '2020-07-27 14:15:43'),
(1473, 39, '2020-01-02', '2020-07-27 14:15:43', '2020-07-27 14:15:43'),
(1474, 39, '2020-07-09', '2020-07-27 14:15:43', '2020-07-27 14:15:43'),
(1475, 39, '2020-06-14', '2020-07-27 14:15:43', '2020-07-27 14:15:43'),
(1476, 39, '2020-04-29', '2020-07-27 14:15:43', '2020-07-27 14:15:43'),
(1477, 39, '2020-07-17', '2020-07-27 14:15:43', '2020-07-27 14:15:43'),
(1478, 39, '2020-07-03', '2020-07-27 14:15:43', '2020-07-27 14:15:43'),
(1479, 39, '2020-03-03', '2020-07-27 14:15:43', '2020-07-27 14:15:43'),
(1480, 39, '2020-03-17', '2020-07-27 14:15:43', '2020-07-27 14:15:43'),
(1481, 39, '2020-07-29', '2020-07-27 14:15:43', '2020-07-27 14:15:43'),
(1482, 39, '2020-01-08', '2020-07-27 14:15:43', '2020-07-27 14:15:43'),
(1483, 39, '2020-07-17', '2020-07-27 14:15:43', '2020-07-27 14:15:43'),
(1484, 39, '2020-03-05', '2020-07-27 14:15:43', '2020-07-27 14:15:43'),
(1485, 39, '2020-01-24', '2020-07-27 14:15:43', '2020-07-27 14:15:43'),
(1486, 39, '2020-07-11', '2020-07-27 14:15:43', '2020-07-27 14:15:43'),
(1487, 39, '2020-03-20', '2020-07-27 14:15:43', '2020-07-27 14:15:43'),
(1488, 39, '2020-01-01', '2020-07-27 14:15:43', '2020-07-27 14:15:43'),
(1489, 39, '2020-07-20', '2020-07-27 14:15:43', '2020-07-27 14:15:43'),
(1490, 39, '2020-01-23', '2020-07-27 14:15:43', '2020-07-27 14:15:43'),
(1491, 39, '2020-07-04', '2020-07-27 14:15:43', '2020-07-27 14:15:43'),
(1492, 39, '2020-05-23', '2020-07-27 14:15:43', '2020-07-27 14:15:43'),
(1493, 39, '2020-06-20', '2020-07-27 14:15:43', '2020-07-27 14:15:43'),
(1494, 39, '2020-02-23', '2020-07-27 14:15:43', '2020-07-27 14:15:43'),
(1495, 39, '2020-04-16', '2020-07-27 14:15:43', '2020-07-27 14:15:43'),
(1496, 39, '2020-04-22', '2020-07-27 14:15:43', '2020-07-27 14:15:43'),
(1497, 39, '2020-05-16', '2020-07-27 14:15:43', '2020-07-27 14:15:43'),
(1498, 39, '2020-05-26', '2020-07-27 14:15:43', '2020-07-27 14:15:43'),
(1499, 39, '2020-03-25', '2020-07-27 14:15:43', '2020-07-27 14:15:43'),
(1500, 39, '2020-06-04', '2020-07-27 14:15:43', '2020-07-27 14:15:43'),
(1501, 39, '2020-03-25', '2020-07-27 14:15:43', '2020-07-27 14:15:43'),
(1502, 39, '2020-07-13', '2020-07-27 14:15:43', '2020-07-27 14:15:43'),
(1503, 39, '2020-06-24', '2020-07-27 14:15:43', '2020-07-27 14:15:43'),
(1504, 39, '2020-03-01', '2020-07-27 14:15:43', '2020-07-27 14:15:43'),
(1505, 39, '2020-07-18', '2020-07-27 14:15:43', '2020-07-27 14:15:43'),
(1506, 39, '2020-04-03', '2020-07-27 14:15:43', '2020-07-27 14:15:43'),
(1507, 39, '2020-05-04', '2020-07-27 14:15:43', '2020-07-27 14:15:43'),
(1508, 39, '2020-07-28', '2020-07-27 14:15:43', '2020-07-27 14:15:43'),
(1509, 39, '2020-05-04', '2020-07-27 14:15:43', '2020-07-27 14:15:43'),
(1510, 39, '2020-01-15', '2020-07-27 14:15:43', '2020-07-27 14:15:43'),
(1511, 39, '2020-02-12', '2020-07-27 14:15:43', '2020-07-27 14:15:43'),
(1512, 39, '2020-07-03', '2020-07-27 14:15:43', '2020-07-27 14:15:43'),
(1513, 39, '2020-07-22', '2020-07-27 14:15:43', '2020-07-27 14:15:43'),
(1514, 39, '2020-07-20', '2020-07-27 14:15:43', '2020-07-27 14:15:43'),
(1515, 39, '2020-05-26', '2020-07-27 14:15:43', '2020-07-27 14:15:43'),
(1516, 39, '2020-06-22', '2020-07-27 14:15:43', '2020-07-27 14:15:43'),
(1517, 39, '2020-05-23', '2020-07-27 14:15:43', '2020-07-27 14:15:43'),
(1518, 39, '2020-02-16', '2020-07-27 14:15:43', '2020-07-27 14:15:43'),
(1519, 39, '2020-03-13', '2020-07-27 14:15:43', '2020-07-27 14:15:43'),
(1520, 39, '2020-07-21', '2020-07-27 14:15:43', '2020-07-27 14:15:43'),
(1521, 39, '2020-02-05', '2020-07-27 14:15:43', '2020-07-27 14:15:43'),
(1522, 39, '2020-04-18', '2020-07-27 14:15:43', '2020-07-27 14:15:43'),
(1523, 39, '2020-06-19', '2020-07-27 14:15:43', '2020-07-27 14:15:43'),
(1524, 39, '2020-03-28', '2020-07-27 14:15:43', '2020-07-27 14:15:43'),
(1525, 39, '2020-03-20', '2020-07-27 14:15:43', '2020-07-27 14:15:43'),
(1526, 39, '2020-03-13', '2020-07-27 14:15:43', '2020-07-27 14:15:43'),
(1527, 39, '2020-05-26', '2020-07-27 14:15:43', '2020-07-27 14:15:43'),
(1528, 39, '2020-06-03', '2020-07-27 14:15:43', '2020-07-27 14:15:43'),
(1529, 39, '2020-02-03', '2020-07-27 14:15:43', '2020-07-27 14:15:43'),
(1530, 39, '2020-07-28', '2020-07-27 14:15:43', '2020-07-27 14:15:43'),
(1531, 39, '2020-07-06', '2020-07-27 14:15:43', '2020-07-27 14:15:43'),
(1532, 39, '2020-06-03', '2020-07-27 14:15:43', '2020-07-27 14:15:43'),
(1533, 39, '2020-01-07', '2020-07-27 14:15:43', '2020-07-27 14:15:43'),
(1534, 39, '2020-07-24', '2020-07-27 14:15:43', '2020-07-27 14:15:43'),
(1535, 26, '2020-04-14', '2020-07-27 14:15:50', '2020-07-27 14:15:50'),
(1536, 26, '2020-01-28', '2020-07-27 14:15:50', '2020-07-27 14:15:50'),
(1537, 26, '2020-06-20', '2020-07-27 14:15:50', '2020-07-27 14:15:50'),
(1538, 26, '2020-01-25', '2020-07-27 14:15:50', '2020-07-27 14:15:50'),
(1539, 26, '2020-01-05', '2020-07-27 14:15:50', '2020-07-27 14:15:50'),
(1540, 26, '2020-03-20', '2020-07-27 14:15:50', '2020-07-27 14:15:50'),
(1541, 26, '2020-06-03', '2020-07-27 14:15:50', '2020-07-27 14:15:50'),
(1542, 26, '2020-02-23', '2020-07-27 14:15:50', '2020-07-27 14:15:50'),
(1543, 26, '2020-05-26', '2020-07-27 14:15:50', '2020-07-27 14:15:50'),
(1544, 26, '2020-01-13', '2020-07-27 14:15:50', '2020-07-27 14:15:50'),
(1545, 26, '2020-02-11', '2020-07-27 14:15:50', '2020-07-27 14:15:50'),
(1546, 26, '2020-07-02', '2020-07-27 14:15:50', '2020-07-27 14:15:50'),
(1547, 26, '2020-04-23', '2020-07-27 14:15:50', '2020-07-27 14:15:50'),
(1548, 26, '2020-07-06', '2020-07-27 14:15:50', '2020-07-27 14:15:50'),
(1549, 26, '2020-07-20', '2020-07-27 14:15:50', '2020-07-27 14:15:50'),
(1550, 26, '2020-01-24', '2020-07-27 14:15:50', '2020-07-27 14:15:50'),
(1551, 26, '2020-03-22', '2020-07-27 14:15:50', '2020-07-27 14:15:50'),
(1552, 26, '2020-01-27', '2020-07-27 14:15:50', '2020-07-27 14:15:50'),
(1553, 26, '2020-03-03', '2020-07-27 14:15:50', '2020-07-27 14:15:50'),
(1554, 26, '2020-05-03', '2020-07-27 14:15:50', '2020-07-27 14:15:50'),
(1555, 26, '2020-02-05', '2020-07-27 14:15:50', '2020-07-27 14:15:50'),
(1556, 26, '2020-01-07', '2020-07-27 14:15:50', '2020-07-27 14:15:50'),
(1557, 26, '2020-07-23', '2020-07-27 14:15:50', '2020-07-27 14:15:50'),
(1558, 26, '2020-07-29', '2020-07-27 14:15:50', '2020-07-27 14:15:50'),
(1559, 26, '2020-05-08', '2020-07-27 14:15:50', '2020-07-27 14:15:50'),
(1560, 26, '2020-04-09', '2020-07-27 14:15:50', '2020-07-27 14:15:50'),
(1561, 26, '2020-03-15', '2020-07-27 14:15:50', '2020-07-27 14:15:50'),
(1562, 26, '2020-07-13', '2020-07-27 14:15:50', '2020-07-27 14:15:50'),
(1563, 26, '2020-03-05', '2020-07-27 14:15:50', '2020-07-27 14:15:50'),
(1564, 26, '2020-04-10', '2020-07-27 14:15:50', '2020-07-27 14:15:50'),
(1565, 26, '2020-06-17', '2020-07-27 14:15:50', '2020-07-27 14:15:50'),
(1566, 26, '2020-07-13', '2020-07-27 14:15:50', '2020-07-27 14:15:50'),
(1567, 26, '2020-02-02', '2020-07-27 14:15:50', '2020-07-27 14:15:50'),
(1568, 26, '2020-03-25', '2020-07-27 14:15:50', '2020-07-27 14:15:50'),
(1569, 35, '2020-02-05', '2020-07-27 14:16:10', '2020-07-27 14:16:10'),
(1570, 35, '2020-04-23', '2020-07-27 14:16:10', '2020-07-27 14:16:10'),
(1571, 35, '2020-05-10', '2020-07-27 14:16:10', '2020-07-27 14:16:10'),
(1572, 35, '2020-02-15', '2020-07-27 14:16:10', '2020-07-27 14:16:10'),
(1573, 35, '2020-02-27', '2020-07-27 14:16:10', '2020-07-27 14:16:10'),
(1574, 35, '2020-06-15', '2020-07-27 14:16:10', '2020-07-27 14:16:10'),
(1575, 35, '2020-02-16', '2020-07-27 14:16:10', '2020-07-27 14:16:10'),
(1576, 35, '2020-06-20', '2020-07-27 14:16:10', '2020-07-27 14:16:10'),
(1577, 35, '2020-03-01', '2020-07-27 14:16:10', '2020-07-27 14:16:10'),
(1578, 35, '2020-01-08', '2020-07-27 14:16:10', '2020-07-27 14:16:10'),
(1579, 35, '2020-02-22', '2020-07-27 14:16:10', '2020-07-27 14:16:10'),
(1580, 35, '2020-01-04', '2020-07-27 14:16:10', '2020-07-27 14:16:10'),
(1581, 35, '2020-06-07', '2020-07-27 14:16:10', '2020-07-27 14:16:10'),
(1582, 35, '2020-07-21', '2020-07-27 14:16:10', '2020-07-27 14:16:10'),
(1583, 35, '2020-04-07', '2020-07-27 14:16:10', '2020-07-27 14:16:10'),
(1584, 35, '2020-01-08', '2020-07-27 14:16:10', '2020-07-27 14:16:10'),
(1585, 35, '2020-02-02', '2020-07-27 14:16:10', '2020-07-27 14:16:10'),
(1586, 35, '2020-02-25', '2020-07-27 14:16:10', '2020-07-27 14:16:10'),
(1587, 35, '2020-06-20', '2020-07-27 14:16:10', '2020-07-27 14:16:10'),
(1588, 35, '2020-02-11', '2020-07-27 14:16:10', '2020-07-27 14:16:10'),
(1589, 35, '2020-03-21', '2020-07-27 14:16:10', '2020-07-27 14:16:10');
INSERT INTO `visits` (`id`, `place_id`, `date`, `created_at`, `updated_at`) VALUES
(1590, 35, '2020-04-08', '2020-07-27 14:16:10', '2020-07-27 14:16:10'),
(1591, 35, '2020-07-02', '2020-07-27 14:16:10', '2020-07-27 14:16:10'),
(1592, 35, '2020-06-21', '2020-07-27 14:16:10', '2020-07-27 14:16:10'),
(1593, 35, '2020-06-04', '2020-07-27 14:16:10', '2020-07-27 14:16:10'),
(1594, 35, '2020-06-05', '2020-07-27 14:16:10', '2020-07-27 14:16:10'),
(1595, 35, '2020-02-11', '2020-07-27 14:16:10', '2020-07-27 14:16:10'),
(1596, 35, '2020-03-12', '2020-07-27 14:16:10', '2020-07-27 14:16:10'),
(1597, 35, '2020-01-20', '2020-07-27 14:16:10', '2020-07-27 14:16:10'),
(1598, 35, '2020-05-08', '2020-07-27 14:16:10', '2020-07-27 14:16:10'),
(1599, 35, '2020-05-04', '2020-07-27 14:16:10', '2020-07-27 14:16:10'),
(1600, 35, '2020-04-01', '2020-07-27 14:16:10', '2020-07-27 14:16:10'),
(1601, 35, '2020-05-25', '2020-07-27 14:16:10', '2020-07-27 14:16:10'),
(1602, 35, '2020-01-15', '2020-07-27 14:16:10', '2020-07-27 14:16:10'),
(1603, 35, '2020-03-18', '2020-07-27 14:16:10', '2020-07-27 14:16:10'),
(1604, 35, '2020-03-15', '2020-07-27 14:16:10', '2020-07-27 14:16:10'),
(1605, 35, '2020-01-29', '2020-07-27 14:16:10', '2020-07-27 14:16:10'),
(1606, 35, '2020-01-26', '2020-07-27 14:16:10', '2020-07-27 14:16:10'),
(1607, 35, '2020-07-08', '2020-07-27 14:16:10', '2020-07-27 14:16:10'),
(1608, 35, '2020-05-08', '2020-07-27 14:16:10', '2020-07-27 14:16:10'),
(1609, 35, '2020-01-18', '2020-07-27 14:16:10', '2020-07-27 14:16:10'),
(1610, 35, '2020-01-01', '2020-07-27 14:16:10', '2020-07-27 14:16:10'),
(1611, 35, '2020-02-25', '2020-07-27 14:16:10', '2020-07-27 14:16:10'),
(1612, 35, '2020-05-21', '2020-07-27 14:16:10', '2020-07-27 14:16:10'),
(1613, 35, '2020-05-08', '2020-07-27 14:16:10', '2020-07-27 14:16:10'),
(1614, 35, '2020-06-24', '2020-07-27 14:16:10', '2020-07-27 14:16:10'),
(1615, 36, '2020-02-19', '2020-07-27 14:16:30', '2020-07-27 14:16:30'),
(1616, 36, '2020-04-06', '2020-07-27 14:16:30', '2020-07-27 14:16:30'),
(1617, 36, '2020-02-09', '2020-07-27 14:16:30', '2020-07-27 14:16:30'),
(1618, 36, '2020-02-02', '2020-07-27 14:16:30', '2020-07-27 14:16:30'),
(1619, 36, '2020-07-20', '2020-07-27 14:16:30', '2020-07-27 14:16:30'),
(1620, 36, '2020-07-04', '2020-07-27 14:16:30', '2020-07-27 14:16:30'),
(1621, 36, '2020-07-16', '2020-07-27 14:16:30', '2020-07-27 14:16:30'),
(1622, 36, '2020-06-02', '2020-07-27 14:16:30', '2020-07-27 14:16:30'),
(1623, 36, '2020-01-23', '2020-07-27 14:16:30', '2020-07-27 14:16:30'),
(1624, 36, '2020-02-10', '2020-07-27 14:16:30', '2020-07-27 14:16:30'),
(1625, 36, '2020-01-09', '2020-07-27 14:16:30', '2020-07-27 14:16:30'),
(1626, 36, '2020-04-07', '2020-07-27 14:16:30', '2020-07-27 14:16:30'),
(1627, 36, '2020-03-17', '2020-07-27 14:16:30', '2020-07-27 14:16:30'),
(1628, 36, '2020-02-14', '2020-07-27 14:16:30', '2020-07-27 14:16:30'),
(1629, 36, '2020-02-20', '2020-07-27 14:16:30', '2020-07-27 14:16:30'),
(1630, 36, '2020-04-18', '2020-07-27 14:16:30', '2020-07-27 14:16:30'),
(1631, 36, '2020-04-14', '2020-07-27 14:16:30', '2020-07-27 14:16:30'),
(1632, 36, '2020-06-23', '2020-07-27 14:16:30', '2020-07-27 14:16:30'),
(1633, 17, '2020-07-27', '2020-07-27 14:20:44', '2020-07-27 14:20:44'),
(1634, 14, '2020-07-27', '2020-07-27 14:21:22', '2020-07-27 14:21:22'),
(1635, 1, '2020-07-27', '2020-07-27 14:28:43', '2020-07-27 14:28:43');

--
-- Indexes for dumped tables
--

--
-- Indexes for table `amenities`
--
ALTER TABLE `amenities`
  ADD PRIMARY KEY (`id`);

--
-- Indexes for table `amenity_place`
--
ALTER TABLE `amenity_place`
  ADD PRIMARY KEY (`id`),
  ADD KEY `amenity_place_amenity_id_foreign` (`amenity_id`),
  ADD KEY `amenity_place_place_id_foreign` (`place_id`);

--
-- Indexes for table `failed_jobs`
--
ALTER TABLE `failed_jobs`
  ADD PRIMARY KEY (`id`);

--
-- Indexes for table `messages`
--
ALTER TABLE `messages`
  ADD PRIMARY KEY (`id`),
  ADD KEY `messages_place_id_foreign` (`place_id`);

--
-- Indexes for table `migrations`
--
ALTER TABLE `migrations`
  ADD PRIMARY KEY (`id`);

--
-- Indexes for table `password_resets`
--
ALTER TABLE `password_resets`
  ADD KEY `password_resets_email_index` (`email`);

--
-- Indexes for table `places`
--
ALTER TABLE `places`
  ADD PRIMARY KEY (`id`),
  ADD KEY `places_user_id_foreign` (`user_id`);

--
-- Indexes for table `sponsors`
--
ALTER TABLE `sponsors`
  ADD PRIMARY KEY (`id`);

--
-- Indexes for table `sponsor_place`
--
ALTER TABLE `sponsor_place`
  ADD PRIMARY KEY (`id`),
  ADD KEY `sponsor_place_sponsor_id_foreign` (`sponsor_id`),
  ADD KEY `sponsor_place_place_id_foreign` (`place_id`);

--
-- Indexes for table `users`
--
ALTER TABLE `users`
  ADD PRIMARY KEY (`id`),
  ADD UNIQUE KEY `users_email_unique` (`email`);

--
-- Indexes for table `visits`
--
ALTER TABLE `visits`
  ADD PRIMARY KEY (`id`),
  ADD KEY `visits_place_id_foreign` (`place_id`);

--
-- AUTO_INCREMENT for dumped tables
--

--
-- AUTO_INCREMENT for table `amenities`
--
ALTER TABLE `amenities`
  MODIFY `id` bigint(20) UNSIGNED NOT NULL AUTO_INCREMENT, AUTO_INCREMENT=7;

--
-- AUTO_INCREMENT for table `amenity_place`
--
ALTER TABLE `amenity_place`
  MODIFY `id` bigint(20) UNSIGNED NOT NULL AUTO_INCREMENT, AUTO_INCREMENT=154;

--
-- AUTO_INCREMENT for table `failed_jobs`
--
ALTER TABLE `failed_jobs`
  MODIFY `id` bigint(20) UNSIGNED NOT NULL AUTO_INCREMENT;

--
-- AUTO_INCREMENT for table `messages`
--
ALTER TABLE `messages`
  MODIFY `id` bigint(20) UNSIGNED NOT NULL AUTO_INCREMENT, AUTO_INCREMENT=43;

--
-- AUTO_INCREMENT for table `migrations`
--
ALTER TABLE `migrations`
  MODIFY `id` int(10) UNSIGNED NOT NULL AUTO_INCREMENT, AUTO_INCREMENT=12;

--
-- AUTO_INCREMENT for table `places`
--
ALTER TABLE `places`
  MODIFY `id` bigint(20) UNSIGNED NOT NULL AUTO_INCREMENT, AUTO_INCREMENT=43;

--
-- AUTO_INCREMENT for table `sponsors`
--
ALTER TABLE `sponsors`
  MODIFY `id` bigint(20) UNSIGNED NOT NULL AUTO_INCREMENT, AUTO_INCREMENT=4;

--
-- AUTO_INCREMENT for table `sponsor_place`
--
ALTER TABLE `sponsor_place`
  MODIFY `id` bigint(20) UNSIGNED NOT NULL AUTO_INCREMENT, AUTO_INCREMENT=21;

--
-- AUTO_INCREMENT for table `users`
--
ALTER TABLE `users`
  MODIFY `id` bigint(20) UNSIGNED NOT NULL AUTO_INCREMENT, AUTO_INCREMENT=3;

--
-- AUTO_INCREMENT for table `visits`
--
ALTER TABLE `visits`
  MODIFY `id` bigint(20) UNSIGNED NOT NULL AUTO_INCREMENT, AUTO_INCREMENT=1636;

--
-- Constraints for dumped tables
--

--
-- Constraints for table `amenity_place`
--
ALTER TABLE `amenity_place`
  ADD CONSTRAINT `amenity_place_amenity_id_foreign` FOREIGN KEY (`amenity_id`) REFERENCES `amenities` (`id`) ON DELETE CASCADE,
  ADD CONSTRAINT `amenity_place_place_id_foreign` FOREIGN KEY (`place_id`) REFERENCES `places` (`id`) ON DELETE CASCADE;

--
-- Constraints for table `messages`
--
ALTER TABLE `messages`
  ADD CONSTRAINT `messages_place_id_foreign` FOREIGN KEY (`place_id`) REFERENCES `places` (`id`);

--
-- Constraints for table `places`
--
ALTER TABLE `places`
  ADD CONSTRAINT `places_user_id_foreign` FOREIGN KEY (`user_id`) REFERENCES `users` (`id`);

--
-- Constraints for table `sponsor_place`
--
ALTER TABLE `sponsor_place`
  ADD CONSTRAINT `sponsor_place_place_id_foreign` FOREIGN KEY (`place_id`) REFERENCES `places` (`id`) ON DELETE CASCADE,
  ADD CONSTRAINT `sponsor_place_sponsor_id_foreign` FOREIGN KEY (`sponsor_id`) REFERENCES `sponsors` (`id`) ON DELETE CASCADE;

--
-- Constraints for table `visits`
--
ALTER TABLE `visits`
  ADD CONSTRAINT `visits_place_id_foreign` FOREIGN KEY (`place_id`) REFERENCES `places` (`id`);

/*!40101 SET CHARACTER_SET_CLIENT=@OLD_CHARACTER_SET_CLIENT */;
/*!40101 SET CHARACTER_SET_RESULTS=@OLD_CHARACTER_SET_RESULTS */;
/*!40101 SET COLLATION_CONNECTION=@OLD_COLLATION_CONNECTION */;
